name,cost,description,image,code,rating,availability
NIVEA acondicionador de cuerpo bajo la ducha piel seca bote 400 ml, 4.99,,http://res.cloudinary.com/dc8yintyr/image/upload/bWFzdGVyfHJvb3R8MTAxMDh8aW1hZ2UvcG5nfGhiNS9oZGEvODgxODI3MzQ4NDgzMC5wbmd8Yjc2NWVjY2MxNmM4MTkzYjkyMjM0MDE1ZWU2MjQ3OTdkNmY0ZDcxYWQ0MTc5NTk4NDE2MzJkZDZhMTc0NzQ5Yw.png,1,null,1
GILLETTE SENSOR 3 maquinilla desechable piel sensible 3 hojas blister 4 uds, 7.17,,http://res.cloudinary.com/dc8yintyr/image/upload/bWFzdGVyfHJvb3R8MTgzMTR8aW1hZ2UvcG5nfGg2My9oNzAvODgzNDAxOTU1NzQwNi5wbmd8YTU4YzQ1YjZjM2NkMjg2Mjk2NWRkNTJlZjExMTFkZWM3YzY5NmYwYjg3NWM1MGNmNTFkY2I4YjJiMWJiMzNhZA.png,2,null,1
COLGATE cepillo dental extracleam blister 4 unidades, 2.25,,http://res.cloudinary.com/dc8yintyr/image/upload/bWFzdGVyfHJvb3R8MTMyOTV8aW1hZ2UvcG5nfGg2Zi9oNDYvODgzMzMxOTE0MTQwNi5wbmd8OGZlMGViNDAxYzYzODFmMzNhMTY0MDM4ZDZkNTZlNDI3NTFjNjZmOWRjNTBlMTU5MDZjNmMzNTZiZjQ4ZWQxZA.png,3,null,1
NIVEA desodorante invisible clear spray 200 ml, 3.35,,http://res.cloudinary.com/dc8yintyr/image/upload/bWFzdGVyfHJvb3R8NjM3NnxpbWFnZS9wbmd8aGM3L2g4ZC84ODM0NDc1OTUwMTEwLnBuZ3wxZGEzZTBjODkyMmY4NzBjNWIwYjdmMzE5Mzg4MGRjYzY5YjY0NjkzMWQ5Y2YxMGQwYmE1NDQ3NGRjOTUwNjc3.png,4,null,1
NIVEA crema de manos aceite de oliva tubo 100ml, 2.04,,http://res.cloudinary.com/dc8yintyr/image/upload/bWFzdGVyfHJvb3R8ODM5MnxpbWFnZS9wbmd8aGViL2hlZC84ODM1NjQ4MTkyNTQyLnBuZ3w0NDE2NzIzYmMwZjU1N2RiZTI2MjQ4ZTAzMTJiNzYxM2QzOGQxNmZmMGYzOGZhZDJhYzI2ZjRlM2IzN2FhNWU4.png,5,null,1
GILLETE FUSION PROGLIDE recambio de maquinilla power 5 hojas estuche 3 uds, 14.85,,http://res.cloudinary.com/dc8yintyr/image/upload/bWFzdGVyfHJvb3R8Mjc1MzB8aW1hZ2UvcG5nfGhiMy9oZDgvODgzNTYyOTg0MjQ2Mi5wbmd8MmYxODYxY2ZiMTg5ZWFjYzZiMzVmOGE4MDU4ODg1MThkZDMzNWQ3NmVlM2NlZmU5ODRmNTJiMTJiOGZmOTMzOA.png,6,null,1
GILLETE FUSION PROGLIDE recambio de maquinilla manual 5 hojas estuche 3 uds, 13.3,,http://res.cloudinary.com/dc8yintyr/image/upload/bWFzdGVyfHJvb3R8MjYyODF8aW1hZ2UvcG5nfGhkNS9oYjEvODgzNDc3NjAzOTQ1NC5wbmd8MGE2YTAyNDNkM2E2MGIxMzk5MzY4NTdiZTkwMjM2MmYzMTFlZGYxNDZmN2MwNzM4ZGE2OTJlNGJkYzdhODU1MA.png,7,null,1
COLGATE MAX FRESH pasta dentrifica azul tubo 75ml, 1.79,,http://res.cloudinary.com/dc8yintyr/image/upload/bWFzdGVyfHJvb3R8MTAzODB8aW1hZ2UvcG5nfGgyNS9oMDIvODg0NjgxNzM5NDcxOC5wbmd8MmFlZjViZDc0Njc5ZDA1MmNkZjAyYmFlODg0MjRjNmRjZWUxM2JkMDNlMDdmZjQxZGVhNmZjMzg1MGZlNzEyYw.png,8,null,1
SANEX desodorante roll on men active control envase 50 ml, 2.04,,http://res.cloudinary.com/dc8yintyr/image/upload/bWFzdGVyfHJvb3R8MTE5OTB8aW1hZ2UvcG5nfGgxZC9oZTgvODgzMzM5MjYwNzI2Mi5wbmd8MzMyZGE5OTE2YWY3YzhjOGM2MWQxN2VlMzYzMmQwMjhkMjIxZTEzOGY4NzY5OGVkMDY2ODdiZWVjYzI2MDBkNQ.png,9,null,1
NIVEA crema facial de noche Q10 plus antiarrugas tarro 50 ml, 9.99,,http://res.cloudinary.com/dc8yintyr/image/upload/bWFzdGVyfHJvb3R8MTkxOTZ8aW1hZ2UvcG5nfGg5Zi9oNDcvODgzNTYzOTI3OTY0Ni5wbmd8ZWUyZmI1YTI2MTRlNTMwZDIyOWU1ZmZlZTY0NDJiZGMyOThlNDA5MWQ0Mjc5Y2RjNWU4MWZkOWI2ODQ4N2M0NQ.png,10,null,1
SANEX MEN desodorante active control spray 200 ml, 3.48,,http://res.cloudinary.com/dc8yintyr/image/upload/bWFzdGVyfHJvb3R8ODc5NHxpbWFnZS9wbmd8aDdiL2gyYy84ODQ2OTE0NTE5MDcwLnBuZ3xjYWFlYmI4OWUzNWUyODMyODU0NmE3NDgzM2VjMjZmNTBlZTdiY2Y2NjU4ODc5NmQ2M2E4NmVhNzQxNmE3ZjFi.png,11,null,1
GILLETTE SERIES espuma de afeitar con aloe piel sensible spray 250 ml, 3.08,,http://res.cloudinary.com/dc8yintyr/image/upload/bWFzdGVyfHJvb3R8OTI5NnxpbWFnZS9wbmd8aDExL2g3Mi84ODMzMjAwNjUyMzE4LnBuZ3xiYjRkMTYzYjUxYzFmNGM1MDhlNmRjYmNiOTA2ZDFiMmE4NDQxM2ZkZGUyMDE3NDFhNjM5YTc1ZmE4YWVmN2Vh.png,12,null,1
GILLETTE Blue II maquinilla de afeitar desechable 2 hojas bolsa 5+1 gratis, 3.48,,http://res.cloudinary.com/dc8yintyr/image/upload/bWFzdGVyfHJvb3R8MjA0MjN8aW1hZ2UvcG5nfGg3YS9oNDAvODgzNDI4OTc2MjMzNC5wbmd8MmEwZmU3N2ZlNmFlNGZlNGY4ODZkMDMyYmFmNzYyNDM5ZjgyMzY5NjI5YTMxOTJmMWUyYjUwNjhjN2VjZmU3ZA.png,13,null,1
NIVEA crema corporal nutritiva piel muy seca botella 500 ml, 4.94,,http://res.cloudinary.com/dc8yintyr/image/upload/bWFzdGVyfHJvb3R8ODEyOHxpbWFnZS9wbmd8aGExL2g1Ny84ODM0MzIzODQxMDU0LnBuZ3w0MzQ3MDAwYTRjNDczYTAyMDgyYmExMjFiYTE3YTYwN2NhYWE2NjFmYjZlNDMzMWVjYTZhYTA4MWQyYzk3MjBl.png,14,null,1
COLGATE cepillo dental max white blister 2 unidades, 2.81,,http://res.cloudinary.com/dc8yintyr/image/upload/bWFzdGVyfHJvb3R8MTE5OTd8aW1hZ2UvcG5nfGg1Zi9oNzkvODgzMzQxMDMwMTk4Mi5wbmd8NTc2MDcwZTFjZTI0NmUwMDMwOWY3ODQ2YmUzYWE1N2E2NTRmNTY0NzcwYTMwNmQzNzA4Y2VlMDZlM2I0NTIwNw.png,15,null,1
NIVEA crema corporal aceite de oliva frasco 400ml, 3.07,,http://res.cloudinary.com/dc8yintyr/image/upload/bWFzdGVyfHJvb3R8ODcwM3xpbWFnZS9wbmd8aGVlL2hhNC84ODMzNDE5NjA4MDk0LnBuZ3wyMWQzOTcyODgzMmMyYWJmNzQzNmJlZTYwOGMxYWRmMmExOGRkNmRjYzAyM2UzY2FiOTNjNTdkYWU3MGQ3YjM1.png,16,null,1
GILLETTE Blue II maquinilla desechable 2 hojas bolsa 15 unidades + 5 gratis, 8.13,,http://res.cloudinary.com/dc8yintyr/image/upload/bWFzdGVyfHJvb3R8MjE0Njh8aW1hZ2UvcG5nfGhjZi9oZTQvODgzNTIyNTIyMzE5OC5wbmd8YTBkNTUyMzA1ODQzOWUyZDc5NDU4MmExYWNjMDI2NzZkNmQyNzBhOWI3Mjk3MGJjODI5NjFiMDU4MzM5Njc0MQ.png,17,null,1
COLGATE pasta dentifrica triple accion pack 2 tubo 75ml, 2.82,,http://res.cloudinary.com/dc8yintyr/image/upload/bWFzdGVyfHJvb3R8MTQ2MTZ8aW1hZ2UvcG5nfGg1Yy9oZTcvODgzNTYwOTg1Mzk4Mi5wbmd8NWJmMTk0ZTkzNmRjZjlkYjhmOGI1NjM3MjRkYjgyZjBhYThkNjQ4NTA2NWNjNDBiNjVkNmM1NmIxOTQ1ZDU1ZQ.png,18,null,1
NIVEA men desodorante dry impact spray 200 ml, 3.35,,http://res.cloudinary.com/dc8yintyr/image/upload/bWFzdGVyfHJvb3R8ODMyMnxpbWFnZS9wbmd8aGE4L2hmMC84ODM0NzAxNDU5NDg2LnBuZ3wzNzdjMjY0NDI0M2QzZTM5ZTRlNmM4ZDQzNzU1N2YwZDExNzA3Mjk1OWMxNmZhMDFhZjcyZDBiODlhODBjNDI1.png,19,null,1
NIVEA desodorante dry comfort unisex spray 200ml, 3.35,,http://res.cloudinary.com/dc8yintyr/image/upload/bWFzdGVyfHJvb3R8NjIzMHxpbWFnZS9wbmd8aDEzL2g1OC84ODMzNjM0MDA5MTE4LnBuZ3xkYzI5N2YyZDg0ZmU5OWNkMWI3OTU1ZTUwNzdiOGY2ZDRjNmQ4MjY1OThkMTE2ODRiZTM4MTE3MjA4ZTY3ODE0.png,20,null,1
GILlETTE fusion power cargador de cuchillas blister 4 ud, 15.99,,http://res.cloudinary.com/dc8yintyr/image/upload/bWFzdGVyfHJvb3R8MjQzODR8aW1hZ2UvcG5nfGgyNS9oZmQvODgzMzk0NTYzMjc5OC5wbmd8NTZjZDQ1YTgwNWMzMWNhYmUxNDYwNTAxN2M4NWMwYjIyODhlNDA5ZWViZjA0NDFjNmIxNGRjZDZkY2E1NzI1MA.png,21,null,1
GILLETTE FUSION recambio de maquinilla 5 hojas estuche 4 unidades, 14.56,,http://res.cloudinary.com/dc8yintyr/image/upload/bWFzdGVyfHJvb3R8MjIwMDl8aW1hZ2UvcG5nfGg5My9oOTEvODgzNDYyODkxMTEzNC5wbmd8YzVjOGU5ZWJkNjIyMjE0NjJkYTExMTMwYTEwNmNjYjU4OTkxNjI2YzBhNTdjZTExZTE5OWRlNWFlYTg4YzUxZg.png,22,null,1
COLGATE pasta dentrifica blanqueante tubo 75ml, 1.79,,http://res.cloudinary.com/dc8yintyr/image/upload/bWFzdGVyfHJvb3R8OTcwOXxpbWFnZS9wbmd8aDAwL2hhNi84ODM0Mjc3NzAzNzEwLnBuZ3wzN2ZlZWM3MDE2MGZmYTNhN2RhMTA3YTljYWVhZTQ2MDI4YTQ3NzE3OTM4NTUyMTkyZjg5M2ZkOGYzYWExNDFh.png,23,null,1
NIVEA VISAGE crema hidratante Q10 plus tarro 50 ml, 11.9,,http://res.cloudinary.com/dc8yintyr/image/upload/bWFzdGVyfHJvb3R8MTY4Nzd8aW1hZ2UvcG5nfGgwMy9oOWUvODgzNDczMTQwOTQzOC5wbmd8ZDdiMzBlYWI1Zjk3NGQ0M2YwOWUxZDBjNmEyM2YzNjViYWZkZWRmMTc4NTk3NmMxYWZkODZlNGQ0OTcxOWEyMw.png,24,null,1
COLGATE TOTAL pasta dentífrica protección completa tubo 75 ml, 2.35,,http://res.cloudinary.com/dc8yintyr/image/upload/bWFzdGVyfHJvb3R8MTE0NzV8aW1hZ2UvcG5nfGhiZS9oZGYvODgzNTM5NTU1MTI2Mi5wbmd8OGZkMzgyODFhOGQ1NmIzY2U0YzY2YTg3NjcwYTA1ZjcwMTY4ZTU3YTJkNDk2MTkzOThkNjNiODk5OWE2NDZiNQ.png,25,null,1
GILLETTE maquinilla desechable Venus Blue II Woman 2 hojas bolsa 5+1 gratis, 3.48,,http://res.cloudinary.com/dc8yintyr/image/upload/bWFzdGVyfHJvb3R8MTM5NDB8aW1hZ2UvcG5nfGg4My9oOTIvODgzNDAwMzMwNDQ3OC5wbmd8OWVlYWVkMmQ0NjhiMmIxMzM2NmFjMzYzYmMzNmI0ZWViN2FmNjc1ZDBmZjJkMDZmZjgwNTczZDUxMWU0MDZmMw.png,26,null,1
COLGATE PLAX enjuague bucal triple acción botella 500ml, 2.99,,http://res.cloudinary.com/dc8yintyr/image/upload/bWFzdGVyfHJvb3R8MTE5Njd8aW1hZ2UvcG5nfGgyNC9oMDUvODgxNzUyMjA0OTA1NC5wbmd8ZjVlOWRhMTExYWFlZWVmOGJmYWFjMDBlNTNiZWVlOGU0YTUwOTk0YzViNzY1NmQyN2E3NmI1NTFiZDM0YmFiMA.png,27,null,1
COLGATE kit viaje cepillo y crema dental, 3.75,,http://res.cloudinary.com/dc8yintyr/image/upload/bWFzdGVyfHJvb3R8MTQxNzl8aW1hZ2UvcG5nfGgzYi9oYjMvODgzNTU1MDAxOTYxNC5wbmd8NGU3YzliYjA1YzE0ZjU1NDgzNjFiZjQ1OWQ4ZmEzN2NjYTAzYjdmM2MwYTg4YzIwMThlYmRhNmRlMWZkMzZiMQ.png,28,null,1
COLGATE TOTAL pasta dentífrica blanqueador avanzado tubo 75 ml, 2.35,,http://res.cloudinary.com/dc8yintyr/image/upload/bWFzdGVyfHJvb3R8MTIyMDV8aW1hZ2UvcG5nfGg2ZS9oYjYvODgzNDUyMjE1Mjk5MC5wbmd8MTE3ZWIyNzVkOTEyYTIyNmY0MjkxYmMxNzE5MTkxOTFjZDA4YTY1NzZiMTVkYjE2NmQ0ZTFiYTRlMTMzYjQyYg.png,29,null,1
COLGATE MAX WHITE pasta dentifrica One tubo 75ml, 2.7,,http://res.cloudinary.com/dc8yintyr/image/upload/bWFzdGVyfHJvb3R8MTAxNzd8aW1hZ2UvcG5nfGg0Mi9oNTQvODgzNTI5NjEzMzE1MC5wbmd8MGJkYzNkZDIzMzgzN2QzYzJhZjY2OTMwYjM5YzJhODJhYmY5NDNhZGQ5ZmQ0ZWU5NThiZTFiMWI2MTMzMjNhYw.png,30,null,1
COLGATE pasta dentifrica triple cool stripe tubo 75 ml, 1.0,,http://res.cloudinary.com/dc8yintyr/image/upload/bWFzdGVyfHJvb3R8MTA1NTB8aW1hZ2UvcG5nfGg2YS9oZjAvODgzNTI5OTgwMzE2Ni5wbmd8ODIzMzk3ZjgwZjZiNThhMDUzMzJjNDk4YTkyOTMzNmY3M2Q4ZDU2ZDEyYWJlNjg2OWU5ZTFkN2U3OGE2OGIyOQ.png,31,null,1
NIVEA MEN desodorante roll on antimanchas black&white envase 50ml, 2.55,,http://res.cloudinary.com/dc8yintyr/image/upload/bWFzdGVyfHJvb3R8MTE5NDF8aW1hZ2UvcG5nfGg2MS9oY2EvODgzNDU2NDM1ODE3NC5wbmd8YjRjZjRjYWQxNmFkNDJmZWVhYzI3NzFlZmMzMTVmMzZjYWM5ZmI2NmMzMzY2ZWM3YTQyYzAxNDE5ZmU3OWVmYQ.png,32,null,1
SANEX desodorante sensitive spray 200ml, 3.48,,http://res.cloudinary.com/dc8yintyr/image/upload/bWFzdGVyfHJvb3R8NTk1NnxpbWFnZS9wbmd8aGUwL2hkMy84ODMzNDU4NDcwOTQyLnBuZ3wzNzNhZGUwYTRhMzUwMmQ1Y2M1NjdkM2QzNmVkMzg4Y2QzYzUzOTRjNThhNjRkMDJjYTIzY2Q4NDZjNWJhZDk2.png,33,null,1
COLGATE PLAX enjuague bucal multiprotección botella 500ml, 4.49,,http://res.cloudinary.com/dc8yintyr/image/upload/bWFzdGVyfHJvb3R8MTE0MTh8aW1hZ2UvcG5nfGg1OC9oZGMvODgzNDUyNjg3MTU4Mi5wbmd8ZTQ3YjE1ZjQwZDg3Y2FiYWE1NjZiMDRlNTEyMThjYjIxZDZmZjBiZmM0MGI4M2VmOTI4YTQ4Njg2YWE1MmNhNA.png,34,null,1
NIVEA crema tarro soft 300 ml, 4.29,,http://res.cloudinary.com/dc8yintyr/image/upload/bWFzdGVyfHJvb3R8MTc1Mzl8aW1hZ2UvcG5nfGhmMi9oOTMvODgzMzgzOTEzNjc5OC5wbmd8ZmU3MmM4ODI2N2UxZjk5NzQwZWFjY2FmMDk3YTg5NmY0ZDNhMmQ4ZTU3ZjVhMGMyMzc0MzAzNTBiYWQzMWU4NA.png,35,null,1
NIVEA crema corporal triple accion hidratante botella 400ml, 4.99,,http://res.cloudinary.com/dc8yintyr/image/upload/bWFzdGVyfHJvb3R8ODUyMnxpbWFnZS9wbmd8aGJmL2hlMi84ODM0MTc5MDcyMDMwLnBuZ3wyMjQ5YjdmYWVjYWE0YTZiYzA3ZjNhMmI0ODA2ZmYyOGZkNTlmNGI2ODJlZjU0OWEyODc4NDY5YTUxMTQyOGM3.png,36,null,1
NIVEA desodorante men invisible power spray 200 ml, 3.35,,http://res.cloudinary.com/dc8yintyr/image/upload/bWFzdGVyfHJvb3R8ODQwNnxpbWFnZS9wbmd8aDNhL2g0ZC84ODM1MjkzNTExNzEwLnBuZ3wwYzQyNjg0ZTA0Y2Y2ZmIxOGRhZTFmYjA0YjMwMzA5ZjY4YmE2NTYxMDIzNzA2YTdkMzE4MjY2YWFmMDFjNDI1.png,37,null,1
NIVEA MEN espuma de afeitar extra hidratante spray 200 ml, 2.85,,http://res.cloudinary.com/dc8yintyr/image/upload/bWFzdGVyfHJvb3R8OTc4M3xpbWFnZS9wbmd8aGNmL2g3Ni84ODM1NjcxNTU2MTI2LnBuZ3xhN2EzMmRiYTg0YjQ4OTJkNmVjNDI5YzNhMzM3ZTMxNWQ5YmJlNjI3N2MwOGQzNTYwNjZhOWQ2ZTE4NDkwZTFl.png,38,null,1
NIVEA desodorante roll on antimanchas black&white envase 50ml, 2.55,,http://res.cloudinary.com/dc8yintyr/image/upload/bWFzdGVyfHJvb3R8ODgzNHxpbWFnZS9wbmd8aDY2L2g1Ny84ODM0OTIzODg4NjcwLnBuZ3xlYjNkNmM4ZDBkNDY0ZWYwMWUwOTg5YmEwMTY5YjYwMjM1ODcxNWU1NTg3YmRjOWQ1ZjRiMGUwNzBmMjU5Nzc4.png,39,null,1
SANEX desodorante extra control spray 200ml, 3.48,,http://res.cloudinary.com/dc8yintyr/image/upload/bWFzdGVyfHJvb3R8NjI1NnxpbWFnZS9wbmd8aDU2L2g0Ny84ODM1MzAyNDI0NjA2LnBuZ3wxMzU3ZDgxYjNlZmQ3NTdmNDE2YmI2ZTVhNmU2MzI5MmFkMWQ5ZTUzOTIwZTk5ZjQ1OGVkZTcyYjRjMDY1Mzg5.png,40,null,1
NIVEA crema reafirmante piel seca Q10 bote 400 ml, 5.75,,http://res.cloudinary.com/dc8yintyr/image/upload/bWFzdGVyfHJvb3R8OTAwNnxpbWFnZS9wbmd8aDg1L2gxZC84ODMzMTEzNDIzOTAyLnBuZ3w1ZWIyYzdmNjMyZDc4Y2VkOTljYmQ4MjkwZTczMTFkZTcyYjNkNzQ4NDJhNzNiNzNhOGQwYzlhOTZjYzc2YWM1.png,41,null,1
NIVEA crema antiarrugas dia tarro 50 ml, 8.1,,http://res.cloudinary.com/dc8yintyr/image/upload/bWFzdGVyfHJvb3R8MTU5OTl8aW1hZ2UvcG5nfGhhNC9oZGYvODgzNTMwNjA5NDYyMi5wbmd8ZDc1NDYyYmUyYTEyYWYxNjg4Y2E2N2U0OTg4MmQ4YzNlNzZhN2Q3MTg1OTFlYWQyNzI2ZWE5ZjA1Mjk3ZDMyZg.png,42,null,1
NIVEA desodorante stress protect spray 200 ml, 3.35,,http://res.cloudinary.com/dc8yintyr/image/upload/bWFzdGVyfHJvb3R8NjI5MHxpbWFnZS9wbmd8aGM2L2hmNy84ODMzODQwNzA5NjYyLnBuZ3wxZmMwZTQyMTZmNmUwNmQyYTJiODBjMGViNzVkMDA3ODQwZjBmOWEwYTA0Zjk1M2NiM2ViMjViZWFmMzE0OGQ0.png,43,null,1
NIVEA MEN desodorante stress protect spray 200 ml, 3.35,,http://res.cloudinary.com/dc8yintyr/image/upload/bWFzdGVyfHJvb3R8ODUxM3xpbWFnZS9wbmd8aDMwL2hiZS84ODM0MTc2Mzg1MDU0LnBuZ3w3OGY5ZTA4MWU2NzU3ZTU2NmNiYmY1YmM4MWRiZDE4ZDcwN2YzYjIwNzI1YmJhNWViMWUwZGZlYzYyNWZjZDll.png,44,null,1
NIVEA tónico suave bote 200 ml, 4.95,,http://res.cloudinary.com/dc8yintyr/image/upload/bWFzdGVyfHJvb3R8Njg3OHxpbWFnZS9wbmd8aDdmL2g3YS84ODM1NjgxNTE3NTk4LnBuZ3xiODYwNmMxZjI0OGIyZjk0MTRjMWUwOThjM2UwMzUxM2EzOWM3Mzg0OGFkODg0N2ExOGVjMzQwNjczY2VkZjEx.png,45,null,1
SANEX desodorante roll on invisible envase 50ml, 2.04,,http://res.cloudinary.com/dc8yintyr/image/upload/bWFzdGVyfHJvb3R8MTIzMjB8aW1hZ2UvcG5nfGgzMS9oNTMvODgzNDE5NDM0MTkxOC5wbmd8NjdkNmJjYmQ0YTFjOGE2MmQxZTY0MGViMzUxMzY5MDRjNmY3NjgxNzY5NDkxYWE5M2U4YjQ1MWNkYWZhODhjMw.png,46,null,1
SANEX desodorante roll on natur protect envase 50ml, 2.04,,http://res.cloudinary.com/dc8yintyr/image/upload/bWFzdGVyfHJvb3R8MTEyNDl8aW1hZ2UvcG5nfGhmMS9oZWQvODgzNDkzMDE4MDEyNi5wbmd8YjUzY2NkYjNjZDdhMGVmZjVmZjFjZDk3OGM2YzcwYzI4ZmZkNWI1MzM4MDMwNTZjNWE1NzgwY2MyODQ3OTBjZg.png,47,null,1
COLGATE enjuague bucal blanqueante botella 500ml, 4.49,,http://res.cloudinary.com/dc8yintyr/image/upload/bWFzdGVyfHJvb3R8MTA4NTl8aW1hZ2UvcG5nfGg5NS9oYzkvODgzMzQ2MDA0MzgwNi5wbmd8NDg3ZDVmZTk3MjhhZWI4ZTFkZTAxNTdhODRhZWEyMDM0OTQ2NGViYzc3MDUxM2Y0OTE1ZWNjYzE5YTdlMGU1Mg.png,48,null,1
COLGATE pasta dentifrica fluor+calcio pack 2 tubo 75ml, 2.9,,http://res.cloudinary.com/dc8yintyr/image/upload/bWFzdGVyfHJvb3R8MTM0NjJ8aW1hZ2UvcG5nfGgwYS9oMWYvODgzMzA5NzY5NTI2Mi5wbmd8MzQ4NTllZWVlYmExYzk0ZjhlN2UyOGNlZmY0NTdlYWQ0YTJlZDI1NWQ0NWY3MTM0Mzk1ZTkxNDY5NGRmMzNiMw.png,49,null,1
SANEX gel de baño dermo pro hydrate botella 1 lt, 3.49,,http://res.cloudinary.com/dc8yintyr/image/upload/bWFzdGVyfHJvb3R8ODYzNnxpbWFnZS9wbmd8aDliL2gwNS84ODIwNTgzMzY2Njg2LnBuZ3wwMWIxYjZhNzQ0MzEwZGQ2ZmI0M2EyY2M5ZDFjMGUzZjg2M2RhOGEyMTA0ZTk0NWIzN2YzNjk4ZmY1OGYwMTk4.png,50,null,1
NIVEA desodorante talc sensation spray 200 ml, 3.35,,http://res.cloudinary.com/dc8yintyr/image/upload/bWFzdGVyfHJvb3R8NjExNHxpbWFnZS9wbmd8aDk2L2g2Ny84ODE4MzE0Mzc5Mjk0LnBuZ3wwZGEwNDRlYzMwNTk1NThiZDc3MGU4YzY2ZThlZTdmODQ3ODhmZDcyNDcyMWNjOGE0NDUxOWQyMTQ5MDExMzZm.png,51,null,1
COLGATE pasta dentifrica maxima protección caries tubo 75 ml, 1.99,,http://res.cloudinary.com/dc8yintyr/image/upload/bWFzdGVyfHJvb3R8MTE2ODF8aW1hZ2UvcG5nfGhmZS9oYjAvODgxOTA4MjU1OTUxOC5wbmd8Mzc4ZTM5YmQwNTU1OGQ4YjNhYjFhZmZkZDczYTg5MTVlZTNiNWU3ZWVkOTljZjJmMmI2MDVkZDU0NTQxYzg5Mw.png,52,null,1
NIVEA FOR MEN after shave bálsamo regenerador frasco 100 ml, 5.25,,http://res.cloudinary.com/dc8yintyr/image/upload/bWFzdGVyfHJvb3R8MTg1MzB8aW1hZ2UvcG5nfGhmYS9oZmUvODgzMjgyMjIxNDY4Ni5wbmd8ZDVlYjY5N2Y4YmU1OTk1MWUwYzEyZDdlMjhhNzljYTEyNzk5YjJiZjgxYWMzMGNjMWFiZTgzNTM2YWQxYjZkNQ.png,53,null,1
GILLETTE SENSOR EXCEL recambio de maquinilla 2 hojas estuche 5 unidades, 8.77,,http://res.cloudinary.com/dc8yintyr/image/upload/bWFzdGVyfHJvb3R8MzAwNjN8aW1hZ2UvcG5nfGhlOS9oZDEvODgzMzUzNTkwMTcyNi5wbmd8Y2VhMTY1NWVmNmRlOTE0NTVlZDE2NWJjNDgwMWRjMGVjZWJkOWZkZGI4NGFlMDZiMDJhYjNhN2EwODIxOTg5Mg.png,54,null,1
GILLETTE SERIES gel de afeitar piel sensible spray 200 ml, 3.55,,http://res.cloudinary.com/dc8yintyr/image/upload/bWFzdGVyfHJvb3R8OTA5NHxpbWFnZS9wbmd8aGM4L2g0Yi84ODMzNTU3Mzk3NTM0LnBuZ3wzM2ZiNjA3MjYyZGI3OTI2N2MwNDc0ZTA5OWYyNzdlYmQ1ZjhmNDk1NjcxM2Y3ZmFlMmY1ZTcyMDdjOWFhMTE1.png,55,null,1
COLGATE pasta dentrífica triple acción con flúor tubo 75 ml, 1.53,,http://res.cloudinary.com/dc8yintyr/image/upload/bWFzdGVyfHJvb3R8OTM1M3xpbWFnZS9wbmd8aGVmL2g4Yy84ODQ2ODgzNTIwNTQyLnBuZ3xlOWMzODVjZTcyN2ExYTQ4ZWFiMTViMTdhNmJjZjBhYTVlZDEwYWNlNGU4NmRlZDgzYmRmNWI1YWEzNzE0Mjc4.png,56,null,1
COLGATE MAXWHITE pasta dentrífica con micro cristales blancos tubo 75 ml, 1.79,,http://res.cloudinary.com/dc8yintyr/image/upload/bWFzdGVyfHJvb3R8MTAxMTd8aW1hZ2UvcG5nfGhmNy9oZjgvODg0NzA0MjUxMDg3OC5wbmd8YWJmMjQ0NmYwZWJiYmEwYTk2N2MwMDIxYjA0NjUxMGFiZDA2ZTFjZGE1YzkyNDhhYmUzNjJiMzlmNDE1ZWE2Zg.png,57,null,1
COLGATE pasta dentífrica herbal tubo 75 ml, 1.53,,http://res.cloudinary.com/dc8yintyr/image/upload/bWFzdGVyfHJvb3R8OTMwNHxpbWFnZS9wbmd8aDgzL2hiNS84ODQ2NzkzODAxNzU4LnBuZ3w0ZTE2NzAwZWJhMTFiMzkwMTA0ZDk5ODkyZWE4YmFkOGU1ZWQwMGU4ZTM0YmFjYjZhZjZjNjkyZjhhODdiZTIz.png,58,null,1
COLGATE pasta dentifrica max white one optic tubo 50 ml, 2.7,,http://res.cloudinary.com/dc8yintyr/image/upload/bWFzdGVyfHJvb3R8MTE5Njh8aW1hZ2UvcG5nfGgwZC9oMTUvODgxODMzOTAyMDgzMC5wbmd8OTVkNWM4NWIwN2UxZjJhYWRkYWFlMWI3Y2ZmYmQyYTBmODE1YzZkYjljYTZmYmZlMTA0ZDQ5NjZlMzRjYTZkMQ.png,59,null,1
COLGATE cepillo dental slim soft blister 1 unidad, 2.99,,http://res.cloudinary.com/dc8yintyr/image/upload/bWFzdGVyfHJvb3R8Nzg5OXxpbWFnZS9wbmd8aGUwL2hlMy84ODE2MDY0NDYyODc4LnBuZ3xlNGZlMzkxMDQxNDQ1ZDMxNDJkOTExZjFhNjkwMDhjZmY1M2UwNTNlOWM0MDZiNjc5YTEzZGVmMGZkNzE5YWM5.png,60,null,1
SANEX gel de baño dermo protector botella 600 ml, 2.8,,http://res.cloudinary.com/dc8yintyr/image/upload/bWFzdGVyfHJvb3R8OTM1OHxpbWFnZS9wbmd8aGNhL2g1Ny84ODIwNjIzMTQ3MDM4LnBuZ3xhYjRhZmYzOTg1MDcwNTg2MmYzZTNjZTA5NGVjMTBkZTZhMjcxZTk3YjkwMzQzMjIwODExNmZhNmVjYTczYzk1.png,61,null,1
SANEX gel de baño zero piel normal botella 600 ml, 2.8,,http://res.cloudinary.com/dc8yintyr/image/upload/bWFzdGVyfHJvb3R8ODA3MnxpbWFnZS9wbmd8aDZmL2g3NS84ODE5NjA2MTI2NjIyLnBuZ3w0ZDgwYzk3ZGNmNDI5ZTY3Zjc2YTBjMzY2ZTExYWVkMjAyZWE5YjgzYzU4YzkwZjBlNDljNWRiMzMzNmYwMGNl.png,62,null,1
NIVEA MEN gel de afeitar piel sensible spray 200 ml, 3.75,,http://res.cloudinary.com/dc8yintyr/image/upload/bWFzdGVyfHJvb3R8NzcxOHxpbWFnZS9wbmd8aGQzL2hjYS84ODM0MTc5NTk2MzE4LnBuZ3w1MDYwMWYyZGEzM2I4NjQzYTNmNTFlMDJlNzlhMDY3ZmQxYzg5MjY2YzhiNWE4NDlhZDM2MTk1ODI1ZjJmZjlj.png,63,null,1
NIVEA crema corporal bajo la ducha triple acción piel seca botella 400ml, 4.99,,http://res.cloudinary.com/dc8yintyr/image/upload/bWFzdGVyfHJvb3R8OTMxOXxpbWFnZS9wbmd8aDM1L2g2Ny84ODE3NTE5OTUxOTAyLnBuZ3w0ZTUxNDk3OGJkOGQ1MDI3MjNjMGUxYzc4YTA1NWQ1NjczY2NjY2RmMzRiYTEzOTMyNGI2Mzc5MzQ2ZTJjODli.png,64,null,1
NIVEA MEN crema tarro 150 ml, 3.99,,http://res.cloudinary.com/dc8yintyr/image/upload/bWFzdGVyfHJvb3R8MTg2MDh8aW1hZ2UvcG5nfGg3NC9oZDAvODgyNTAwNDg1MTIzMC5wbmd8MzA1YmE1Njc0YzBiMDRjZjUwYTY2NTNmMTZlNTEwOGRjODY3Y2ZhOWU0MzlhMjk3MGZkYzU4YjliNTA3MzFmZA.png,65,null,1
NIVEA Care crema hidratación intensa para rostro y cuerpo tarro 200 ml, 3.99,,http://res.cloudinary.com/dc8yintyr/image/upload/bWFzdGVyfHJvb3R8MTUwNjh8aW1hZ2UvcG5nfGgwOC9oNGEvODgzMTE5ODMzMDkxMC5wbmd8N2I0ZGMyYzUxNGFhZTg4ZGNlZGZkOWNjNzQwYjk0N2FiYjVjMWFiZjYxM2Q5OGE5MTg5MTAzZGQ3Y2Y5NmUyOQ.png,66,null,1
COLGATE pasta dentífrica protección caries con fluor + calcio tubo 75ml, 1.53,,http://res.cloudinary.com/dc8yintyr/image/upload/bWFzdGVyfHJvb3R8Njg2NHxpbWFnZS9wbmd8aDMyL2gwZC84ODM0NTY4NTUyNDc4LnBuZ3w5NGIyYzZjYmExMjMyZjc0OTdiMWI4MjA2MTk0YTE5YTM1NWI0NWFlMGE5YjM3ZGMxMjQwNDgzZmIyMjBmNzU2.png,67,null,1
COLGATE pasta dentifrica blanqueante tubo 75ml, 1.99,,http://res.cloudinary.com/dc8yintyr/image/upload/bWFzdGVyfHJvb3R8MTA5NTd8aW1hZ2UvcG5nfGg2Ny9oMDkvODgxODM0MjE2NjU1OC5wbmd8MDI5MzQxZWQ0OWJlOTc1YTQ0YzIwOTEyNjgxN2Y1ZjVmYWI2NzdmNGY2YTYyODFhMGM0NDdkNTRjZTE2MGNjNw.png,68,null,1
SANEX desodorante extra 7 en 1 spray 200ml, 3.48,,http://res.cloudinary.com/dc8yintyr/image/upload/bWFzdGVyfHJvb3R8NzA3N3xpbWFnZS9wbmd8aDU5L2hiMi84ODE3NTU0ODE3MDU0LnBuZ3xhOGI2OGQzMDM1ZWEzNDM1MWYzMzIxY2RhNGQxOTQ5NWFlYzQ3NGVhNDE4MWY5NTg1NzBkNzgxOGRiNTc1OGZi.png,69,null,1
SANEX desodorante roll on dermo 7 en 1 envase 50ml, 2.04,,http://res.cloudinary.com/dc8yintyr/image/upload/bWFzdGVyfHJvb3R8MTE0MDN8aW1hZ2UvcG5nfGg1Yi9oMzgvODgxODM3NzI5Mzg1NC5wbmd8ZDZjMGM0OTJkZmY0MGNlY2EyNTcwYTIzMmRmODQ4Y2Y4ZDk5NzJjMjI3MThjODRjM2VhNGMzNDI4NTExYTVmZg.png,70,null,1
SANEX advanced loción corporal atopiderm pieles muy secas/atópicas 400 ml, 5.99,,http://res.cloudinary.com/dc8yintyr/image/upload/bWFzdGVyfHJvb3R8NjU2OHxpbWFnZS9wbmd8aDhmL2gyMy84ODI1ODM3OTc3NjMwLnBuZ3xlMmQ4NjlhMjM4ZGVjMTBhZTI4OTJlYWM1ZmVhZGRlOTQyMjQxNzRhMmYzNTRhZGM4M2I5YTBkMjU0MDg0N2Jl.png,71,null,1
NIVEA toallitas desmaquilladoras 3 en 1 refrescantes pack 2 x 20 uds, 2.49,,http://res.cloudinary.com/dc8yintyr/image/upload/bWFzdGVyfHJvb3R8MTE5MDJ8aW1hZ2UvcG5nfGhmYS9oNDcvODgzMDk0OTk4MjIzOC5wbmd8YmNjNmVmYzA4MjU0YWY1ZDVmOWMxZjM2MzVjN2M4NjA1OGRkMTA4MmRlMzgxNWRkNmE1MDIyNDM3NTM0YmI1ZQ.png,72,null,1
COLGATE TOTAL pasta dentífrica repara diariamente tubo 75 ml, 2.35,,http://res.cloudinary.com/dc8yintyr/image/upload/bWFzdGVyfHJvb3R8MTA4MTd8aW1hZ2UvcG5nfGhmMS9oODEvODgzMTIzNTU1NTM1OC5wbmd8NmZjYWRjNzBkNjllODQ3MWY0ODQ3ODA0YmQ4YzJjZWMwNjJmOTBjNTliY2ZhYWNkMTBlYmQwZTRjMjdjNzM1Ng.png,73,null,1
SANEX desodorante extra control spray 2x 200ml, 5.25,,http://res.cloudinary.com/dc8yintyr/image/upload/bWFzdGVyfHJvb3R8MTE4MTN8aW1hZ2UvcG5nfGgwYy9oNjMvODgxOTU2MjA4NjQzMC5wbmd8NGJjZjgzZmQzYTNjNTkzZWIzOWFiZTVmY2VjZGQ4MDEwNzFjMDgzOWJlNGEzNjY2NzFlMGJkYWE4NDlkZmU5NA.png,74,null,1
SANEX desodorante stick dermo protección envase 50 ml, 2.75,,http://res.cloudinary.com/dc8yintyr/image/upload/bWFzdGVyfHJvb3R8OTAxNnxpbWFnZS9wbmd8aDhmL2hkNi84ODIwMDc1MDY5NDcwLnBuZ3w2NGY4M2YxYWMxYjQ5ZTkzZGMwNDg3YTIxNzliYWYyZTA0MDllNWFiMTUzNDFhNGY0MjlkMjE1NDU3MTM3NWE4.png,75,null,1
COLGATE cepillo dental zig zap blister 1 + 2 gratis, 2.69,,http://res.cloudinary.com/dc8yintyr/image/upload/bWFzdGVyfHJvb3R8OTY0OHxpbWFnZS9wbmd8aDc1L2gzMS84ODI3MjQxNjYwNDQ2LnBuZ3xiNjVlMjdkYTc3MjFlNDM1MzE5ZmNjZjEzNDVlNzFmYzI1ZTFmMmM1YjIxYzg5YTU1ZTIyYmZiNjA0ZTgxMjcz.png,76,null,1
GILLETTE Mach3 maquinilla de afeitar + 3 recambios blister 1 ud, 9.99,,http://res.cloudinary.com/dc8yintyr/image/upload/bWFzdGVyfHJvb3R8MjE2MDN8aW1hZ2UvcG5nfGg1MS9oODkvODg0OTc3MzAwMjc4Mi5wbmd8YmIzZmEzN2MwMjA3MjhiMDhjNDY0ZGNjZmRhNjgzZmYwOWVkOWZiZGEyOTk4OTk1MzJlZDljZWI2ZGVjYTc0Zg.png,77,null,1
COLGATE MAX WHITE enjuague bucal botella 500 ml, 4.25,,http://res.cloudinary.com/dc8yintyr/image/upload/bWFzdGVyfHJvb3R8MTAxMzV8aW1hZ2UvcG5nfGhiZi9oMTkvODgzMTIxNDU4MzgzOC5wbmd8MDQ4MDQ0OTA0NmQzMDc1ZWYwZmU0ZjA3MmVlOWU4ZjdjMTgwY2RhZWMxZjc4MDcwM2MxZTU5YTIyODg5Yzg2ZQ.png,78,null,1
COLGATE pasta dentífrica max white original tubo 75 ml, 3.99,,http://res.cloudinary.com/dc8yintyr/image/upload/bWFzdGVyfHJvb3R8MTAxMzV8aW1hZ2UvcG5nfGg1ZS9oOTgvODgzMTIyMTkyMzg3MC5wbmd8ZWIwN2I4NjdmMDM3M2UxZmQ1NTMyNDdkNDBhNmI5YTAyZDlhNjIyMGE1MTBjZWQ3NTFjN2JmMGM5NGVjNTQwZA.png,79,null,1
CASA TARRADELLAS pizza refrigerada de jamón y queso pack 2 envases 225g, 2.85,Pizza Fresca Jamón y Queso,http://res.cloudinary.com/dc8yintyr/image/upload/bWFzdGVyfHJvb3R8MjAyNDV8aW1hZ2UvcG5nfGgwMi9oZTIvODgzMzMwMTgzOTkwMi5wbmd8MjdmNDk5ODZmZGQ2YzFhMDg5N2RhZDdmMDVlNGNmMTRmNTk5ODk1ZDdkMjk0NDQxYWMxMDUzMDQ3YjFlMWYyYw.png,80,null,1
CASA TARRADELLAS pizza refrigerada romana envase 415g, 2.64,Pizza Fresca Romana,http://res.cloudinary.com/dc8yintyr/image/upload/bWFzdGVyfHJvb3R8MzA2NzZ8aW1hZ2UvcG5nfGhmMy9oODAvODgzMjgyOTAzMDQzMC5wbmd8NDBlYjFiZTNmZGQxZTYzNmY2OTFlMDkyMGMzZTczN2UyOWYzYzQ1MjNiODc1ZDM1NmIwZmY4MGFhOGQ5NDBlOQ.png,81,null,1
ISABEL atun claro en aceite de oliva pack de 6 latas x 52 grs, 4.79,ATÚN CLARO EN ACEITE DE OLIVA,http://res.cloudinary.com/dc8yintyr/image/upload/bWFzdGVyfHJvb3R8MTQ1ODB8aW1hZ2UvcG5nfGg2Ni9oZGQvODgzNTA2NTY0MzAzOC5wbmd8Yjk4NDE2YTY0NGFmYmJjNTRhMzdhMzcxNjQ5ODAwMWEzOGE3OTkyMjcwNjRjZGRhM2YwYWMyOTRkOGQ4ZjU2ZQ.png,82,null,1
SANTA ANA patatas fritas santa ana bolsa 210GR, 0.9,Patatas fritas,http://res.cloudinary.com/dc8yintyr/image/upload/bWFzdGVyfHJvb3R8MjA0OTR8aW1hZ2UvcG5nfGg2Ni9oZjYvODgzMzYwMDQ1NDY4Ni5wbmd8NzVlYjdmZjY0MTkwNmJmMGRjNTQ1ODUwNWYwNmJjNDBkOGQ1ZTVkMjZmNmFjNGE1NTJlOTJjMTNmMDAwOWQ3NA.png,83,null,1
CARRETILLA esparrago blanco 6/12 FRASCO 325GR, 3.55,Espárrago blanco primera calibre muy grueso,http://res.cloudinary.com/dc8yintyr/image/upload/bWFzdGVyfHJvb3R8MTE1MDZ8aW1hZ2UvcG5nfGhjYy9oNDUvODgzMjg1NjgxNzY5NC5wbmd8Mjk2ZTZiYTdmZThjYjRlMzQ5NjQxMjQwZjc3ZDhmYTE3ZGM0Yzg5Y2YzYWNmNDMxMTAzMzdlOWZlMzIzYzQ5Mw.png,84,null,1
DR OETKER ristorante pizza atún caja 355 gr, 3.15,Pizza tomate  atún y queso.,http://res.cloudinary.com/dc8yintyr/image/upload/bWFzdGVyfHJvb3R8MzQ5NTJ8aW1hZ2UvcG5nfGg5Ni9oZTIvODgzNDQ0MDI5ODUyNi5wbmd8ZTYwOGZkNGIwMGI0NmFjZWQ5ZjVmN2NiOTQ4YzM5MDc2YThhMTNkOGQyYTRiNmM2ZTBiZGNiNThjMzUwZDFjYg.png,85,null,1
CALVO atun claro en aceite de oliva pack de 3 latas x 52 grs, 3.19,Atún claro en aceite de oliva,http://res.cloudinary.com/dc8yintyr/image/upload/bWFzdGVyfHJvb3R8MTIyMDl8aW1hZ2UvcG5nfGhkZS9oYWQvODgzNDAyMjE3ODg0Ni5wbmd8YWVlZGQzNzM1MDFlNzBkMDUxNGM5Y2JiMTBmY2JhMjAwN2MwNDQzYjgyNGZiNWFiYjJhZDM3MDc1MTE4OTEyNg.png,86,null,1
MATUTANO doritos tex-mex bolsa 40 gr, 0.44,Producto de aperitivo frito con sabor a queso,http://res.cloudinary.com/dc8yintyr/image/upload/bWFzdGVyfHJvb3R8MjM5OTR8aW1hZ2UvcG5nfGgwNC9oMGEvODgzNTE3MjIwNDU3NC5wbmd8YTNmNmFkNjU5MTdlNTExMTRhMWM4ZTllOGE4YWE2NWE3MDk3OTNiN2RlYzY2ZDU2MTMwMWU2NTM1NzQ4MDQ2Yg.png,87,null,1
CALVO sardinas en aceite de oliva lata 81 grs, 0.97,Sardinas en aceite de oliva,http://res.cloudinary.com/dc8yintyr/image/upload/bWFzdGVyfHJvb3R8MTg5NTl8aW1hZ2UvcG5nfGgxZS9oMTUvODgzNDM0NjM4NTQzOC5wbmd8OGUzNjJlZmRiMGE2YzQ0YjY5MzY3ZjFlZDhhZWQzMjRkMjNhMzg5YWExY2ZjOGU0NmEzNWM5YjE1MWNjYzc1Yw.png,88,null,1
CHEETOS cheetos pelotazos bolsa 30GRS, 0.33,Producto de aperitivo de maíz horneado con sabor a queso,http://res.cloudinary.com/dc8yintyr/image/upload/bWFzdGVyfHJvb3R8MjIxMTh8aW1hZ2UvcG5nfGg4Zi9oY2MvODgzNDA3OTM5MTc3NC5wbmd8YTAzY2Q5MDJhODlkNmNmN2YzNTcyNmQ2YTYyNTY4MmJjZDZhOWUyOTkxNTIxNmRmMjlhZDVhYTFmYWY3Y2E2Yg.png,89,null,1
GALLO pluma nº6 paquete 750GR, 1.22,PASTA ALIMENTICIA DE CALIDAD SUPERIOR,http://res.cloudinary.com/dc8yintyr/image/upload/bWFzdGVyfHJvb3R8MTk4NzF8aW1hZ2UvcG5nfGhiOC9oNGEvODgzNTE3MjcyODg2Mi5wbmd8NjJhYWY4ZjMxNzU3NmNiMTU2YTRlMWJhMjQyZWQzZjQwZmNlM2FjZTVlZjFhZWNlMDk0NDg0MzdlYTcxNGY2YQ.png,90,null,1
BORGES POPITAS palomitas micro p3 estuche 300GR, 2.18,Maíz para palomitas saladas para microondas,http://res.cloudinary.com/dc8yintyr/image/upload/bWFzdGVyfHJvb3R8MjUxNTN8aW1hZ2UvcG5nfGhjNi9oZDYvODgzNTQ1ODQ2NTgyMi5wbmd8ZGUyZjc3YzQ1ZGNiZTNhY2RlY2YzODQzYjYwZTNhOWU2NmI4MGE4NTY1MGY3MDMyYTRkNzQwNGM1NjRiMjc3Ng.png,91,null,1
GALLINA BLANCA avecrem de pollo bajo en sal estuche 10 PAST, 1.72,Caldo deshidratado de pollo con 15% de aceite de oliva virgen extra sobre 8 5% de M.G.,http://res.cloudinary.com/dc8yintyr/image/upload/bWFzdGVyfHJvb3R8MTU1NzV8aW1hZ2UvcG5nfGgxMi9oY2MvODgxOTg2NzEyMzc0Mi5wbmd8ZGU5NWJmZDk3OWRmMjJjNGEzZGYwOGM1YWViZDIyZGRhYWY0MTJkNTM5ZWMzZjgxODk2ZTg0N2NiZDVlMmNmMw.png,92,null,1
KNORR caldo de la abuela pollo brik 1 l, 1.55,Caldo de pollo con verduras con un 0 2% de aceite de oliva virgen extra,http://res.cloudinary.com/dc8yintyr/image/upload/bWFzdGVyfHJvb3R8MTQ3OTh8aW1hZ2UvcG5nfGhlZS9oNDkvODgzMjA0NjU2MzM1OC5wbmd8MzkxMTUyMjQ1OGM0MDYwMGVjOTNlNGIxYTAzNzNmMmM3ODMzNzExNGI3ZGZlMWM2YjNiYzE5YTg3YTc1ZTk3OQ.png,93,null,1
CALVO atún en aceite vegetal lata 104 gr, 1.39,Atún en aceite de girasol,http://res.cloudinary.com/dc8yintyr/image/upload/bWFzdGVyfHJvb3R8MjUxNTV8aW1hZ2UvcG5nfGhjNS9oMTIvODgxODExNjUyNjExMC5wbmd8OTJhNzcwMGUxMGNkNDVlNmU2ZGEyOTBlYWMyMDQ1ZmQzNTgyNWY3OTBhZmMwMTJhMjU4NGEyNmYwYTJkYWFhMQ.png,94,null,1
GALLO pluma SIN GLUTEN paquete 500 gr, 2.15,PASTA DE HARINA DE MAÍZ Y HARINA DE ARROZ,http://res.cloudinary.com/dc8yintyr/image/upload/bWFzdGVyfHJvb3R8MTcxNzF8aW1hZ2UvcG5nfGg5ZS9oNDEvODgxNjU0Nzc1ODExMC5wbmd8MmUyNjJhM2ZlNjU4OGRjODNmNjZmZWIxZTFjYTk0NDgxYTE2ZmIxYzRhMjIwMmM0NGQ5NmMxMmJkNGUzNzFhMw.png,95,null,1
BORGES POPITAS palomitas expansionadas caramelo bolsa 200GR, 1.95,PALOMITAS DE MAIZ CON CARAMELO,http://res.cloudinary.com/dc8yintyr/image/upload/bWFzdGVyfHJvb3R8MjgzMzd8aW1hZ2UvcG5nfGgyMC9oZWIvODgxODI3MDMzOTEwMi5wbmd8NjJjZTJiMGU4Nzk5MDAwNjhhYTBlZDc3YTI4NmQxOWNmMmUyMzYwMGJiYTVkZmJlMTQ1YmUzOGY2NTViOGJkZg.png,96,null,1
GALLO tallarin paquete 500 gr, 0.97,PASTA ALIMENTICIA DE CALIDAD SUPERIOR,http://res.cloudinary.com/dc8yintyr/image/upload/bWFzdGVyfHJvb3R8ODkzOHxpbWFnZS9wbmd8aDA1L2hmNi84ODMzMjgxOTE2OTU4LnBuZ3xkZGM1NDJiYjMyZDdhOWFkNjg1MDNkZjIyMjgwMjIwMGNmYjVkZTBlNTQ4Mjk2ZWIxMDYzZjY4N2ZkZjk2ODM3.png,97,null,1
CALVO atun claro en aceite vegetal lata 403 grs, 4.95,Atún claro en aceite de girasol,http://res.cloudinary.com/dc8yintyr/image/upload/bWFzdGVyfHJvb3R8MjYzNzd8aW1hZ2UvcG5nfGhlNS9oN2YvODgzNDAxMDEyMDIyMi5wbmd8OWU1MTFlMzNhOGY1ZDlhY2EzNTM3YjIxMmRhNDgzMmVhNzAzNDdiYmE4ZmQzYTI5ZmM2YmNiYTg4NmI1YzkzMw.png,98,null,1
LA ASTURIANA lenteja extrafina rapida paquete 1 kg, 3.09,Lenteja Extrafina Cocción Rápida,http://res.cloudinary.com/dc8yintyr/image/upload/bWFzdGVyfHJvb3R8MTg2OTR8aW1hZ2UvcG5nfGg0My9oYjIvODgzNDAzNzkwNzQ4Ni5wbmd8MGY1OWE4ZGQzOGQ4ZDU4ZDkwZjA0MTYwOTdlOTE0Y2ZjZWUxYWYwMjlhNmE0MGQyMjEwNjJkYTBmMzMwZDJlOA.png,99,null,1
LA ASTURIANA alubias pintas cocidas frasco 400GR, 0.99,Alubia Pinta cocida natural,http://res.cloudinary.com/dc8yintyr/image/upload/bWFzdGVyfHJvb3R8MTMzODh8aW1hZ2UvcG5nfGhhOC9oY2EvODgzNTQ1MjE3NDM2Ni5wbmd8OWExNGEyODdkZDA1YTMyZmE1MWMzZTJjYjYxNjZkOTk4NTkwMzRiYTZjMzc5MTk1Njc0ZmExN2VlOTFkYjg1NA.png,100,null,1
GALLO spaguetti nº 3 paquete 500 gr, 0.86,PASTA ALIMENTICIA DE CALIDAD SUPERIOR,http://res.cloudinary.com/dc8yintyr/image/upload/bWFzdGVyfHJvb3R8ODc4NnxpbWFnZS9wbmd8aDc3L2hiMS84ODM1MTA3MTI3MzI2LnBuZ3xhMWNlYTQ5NjBhODNiNTNiMzc1Yzk3NTI5YTQxZTMxZjFhODYxNzk1YzlkNGQ3ZjE2YmE1NjU3YjhiYTA0MjYx.png,101,null,1
GALLINA BLANCA salsa chilindron SOBRE 52GRS, 1.21,Salsa deshidratada Chilindrón,http://res.cloudinary.com/dc8yintyr/image/upload/bWFzdGVyfHJvb3R8MjU3Mzl8aW1hZ2UvcG5nfGg1OC9oZWEvODgzMzA0Nzg4NzkwMi5wbmd8MzBiNmI0ZDNjODRkODQ1YmE3NmMxNzRmOWNlOTY1NDliZGZmYjU2ZTY0OTY0Yzg3NzFmMWI1NGU3YmUxZDYyNw.png,102,null,1
YBARRA mayonesa FRASCO 225ML, 0.89,Mayonesa,http://res.cloudinary.com/dc8yintyr/image/upload/bWFzdGVyfHJvb3R8MTYyMTJ8aW1hZ2UvcG5nfGgyNi9oYWIvODgzNDg4NDU2NzA3MC5wbmd8ZjE1ODYyNGI4Y2I5YjdiNTQyYzYyN2QzNDM2Y2E5Yjc1YjdlOTMzMTU2OTk5MTJhNDNkZjBlMDJmMGJkODkyMw.png,103,null,1
ASTUR alubia morada bolsa 1KG, 3.69,Alubia Roja,http://res.cloudinary.com/dc8yintyr/image/upload/bWFzdGVyfHJvb3R8MTgzNDN8aW1hZ2UvcG5nfGg2NS9oN2UvODgzMzgyNDQ1NjczNC5wbmd8NjVmNmFiNTdkMDBiM2MxNGQ0YTA4ZDAxMzdjMzY5NmM5MDI2YTcwYTYzMmIzYzllMjM0N2U3NTM4YWFiNDRkNQ.png,104,null,1
LA ASTURIANA alubias rojas cocidas frasco 400GR, 0.99,Alubia Roja cocida natural,http://res.cloudinary.com/dc8yintyr/image/upload/bWFzdGVyfHJvb3R8MTQzNzZ8aW1hZ2UvcG5nfGgyNS9oNTcvODgzNTY2NDc0MDM4Mi5wbmd8MmE4YmNiYjNjZTk1NzRhZDlmYzYxYzQ3MTEyNzdjZDI4ODMzZThiMWRjOTUyYjFjYzljYmJkZDcxYTZjMzI2Yw.png,105,null,1
BORGE pipas aguasal bolsa 500GR, 2.05,Pipas girasol tostadas aguasal,http://res.cloudinary.com/dc8yintyr/image/upload/bWFzdGVyfHJvb3R8MTkxODh8aW1hZ2UvcG5nfGgxMi9oY2QvODgzNTI0OTQ3MTUxOC5wbmd8MjA3NTJmNzNlMTgyZDAyYTJmY2JhZjU3NGNkOGMyNzY2ZmFkZWJhODY0OTlmZWY4MzJlNjQyYjI2NDE4NzhhYQ.png,106,null,1
CALVO mejillones en escabeche 14/19 piezas lata 69 grs, 1.12,Mejillones en escabeche de las Rías Gallegas. Tamaño pequeño,http://res.cloudinary.com/dc8yintyr/image/upload/bWFzdGVyfHJvb3R8MjA2NDl8aW1hZ2UvcG5nfGg2Zi9oZDIvODgzMzQ5NjU4MDEyNi5wbmd8ODQwNDU1ZWIwYTc5MDk3OWNjNTRhZWViNjc2MTk5ZjRlZDVmZmY1NTI2Nzc5MWFhYThmYWM1OTdkN2Q3MWE1NA.png,107,null,1
GALLINA BLANCA tallarines parmesana sobre 145GR, 1.88,Tallarines a la parmesana deshidratados,http://res.cloudinary.com/dc8yintyr/image/upload/bWFzdGVyfHJvb3R8MjU0MzV8aW1hZ2UvcG5nfGgwNS9oZjIvODgzNDU4ODQ3NTQyMi5wbmd8YTc0MmJhNmU5MDY2OTRjYzE2ZjhhZTViY2Q4MTIwNzdlZTc4MTBkZTZiNDcwNmRiZmEzN2JhNWEyZjZmZmUwOA.png,108,null,1
GALLINA BLANCA sopa maravilla sobre 85GRS, 0.64,Sopa de Pollo con Maravilla,http://res.cloudinary.com/dc8yintyr/image/upload/bWFzdGVyfHJvb3R8MjQ3MDJ8aW1hZ2UvcG5nfGgzYi9oNTIvODgzMzQ5MjkxMDExMC5wbmd8Mjg5ZGZiZDljODNjNWRmMGY4MmMzMTM2N2I3NDljYmU5ZjcyMjY5ZDJlYTZjMzlhZGY4Y2E5YWRlOGU1YzJhOA.png,109,null,1
SANTA ANA patatas fritas cartucho bolsa 270GR, 1.62,Patatas fritas,http://res.cloudinary.com/dc8yintyr/image/upload/bWFzdGVyfHJvb3R8MTYyODN8aW1hZ2UvcG5nfGgwNy9oOTYvODgzMzUxMDczNTkwMi5wbmd8MDJiYmNhOGJlY2U0OTcwYzQyYjY1MjVjYzYzMGMwYWU4NmZmOWVjYjhlZjk5ZDcxODMyYjJkOGUyMTcwNTBiNw.png,110,null,1
YBARRA salsa ali-oli FRASCO 225ML, 1.0,Salsa de Mesa,http://res.cloudinary.com/dc8yintyr/image/upload/bWFzdGVyfHJvb3R8MTYxNTF8aW1hZ2UvcG5nfGg1Zi9oNDMvODgzNTM1OTM3NTM5MC5wbmd8YTliNDVlNTZhODcyYWE0MzlhNjg1MzBlYjBkMjM2OGRlZjkyZjQxMDhjMWExNThhZjk0MWM2YWUyNGMwNjYwOQ.png,111,null,1
YBARRA mayonesa TARRO 400ML, 1.27,Mayonesa,http://res.cloudinary.com/dc8yintyr/image/upload/bWFzdGVyfHJvb3R8MTU1Njl8aW1hZ2UvcG5nfGhjNi9oZDAvODgzNTM0NTE1NDA3OC5wbmd8MWMyYTU0NTE0OTI5NzRjZjg2NWY3Njk4MzEzMWI5NmNkNzliNWI1ZmRlYmMwZWVhMWQ3NTI4OTg1ZDJkNzAwNA.png,112,null,1
ISABEL naturfresh ensalada rusa bol 230 grs, 1.72,Plato preparado con base de pescado y hortalizas:,http://res.cloudinary.com/dc8yintyr/image/upload/bWFzdGVyfHJvb3R8MjgyMzB8aW1hZ2UvcG5nfGg0Yi9oNGUvODg0NjkyMDI4NjIzOC5wbmd8ZjdjYmI1OWIzOGNjY2QyNmI2MTk5ZjMzYmZiZDRiYmNkZDU4ZDdhY2IzZGE2NDMxNGE2YjA4ZmViOThhZjJkNw.png,113,null,1
LA ASTURIANA combinado de legumbres y verduras cocidas frasco 390GR, 1.52,Alubias cocidas con pimientos  cebollitas y zanahoria,http://res.cloudinary.com/dc8yintyr/image/upload/bWFzdGVyfHJvb3R8MTQxNTZ8aW1hZ2UvcG5nfGhmNi9oODgvODgzMzI5OTIxODQ2Mi5wbmd8MmM2YzA1NTA0YmY4OGQ1MGQxZDZhODdhOTQwZTQ5ZGE3NzQwYjUxOGIzN2IwMWU1ZGI2NzA4MmRiNmJmM2VhMQ.png,114,null,1
LA ASTURIANA lentejas con patatas  zanahoria y puerro cocidas frasco 400GR, 1.52,Lentejas cocidas con patata  zanahoria y puerro,http://res.cloudinary.com/dc8yintyr/image/upload/bWFzdGVyfHJvb3R8MTM3Mjh8aW1hZ2UvcG5nfGhmNS9oNmYvODgzNDY3NTYzODMwMi5wbmd8OTM4ZDI2ZjU1ZDZhYTk1M2Q3ZWExYjViYTM3OTVlZmUyMDNhYWJlOWU3MDkxMTE5NDU0N2RmZjU2ZjQwYzk5ZQ.png,115,null,1
RUFFLES patatas fritas onduladas york'eso bolsa 170GR, 1.31,Patatas fritas con sabor a jamón y queso,http://res.cloudinary.com/dc8yintyr/image/upload/bWFzdGVyfHJvb3R8MTk4OTJ8aW1hZ2UvcG5nfGg5Zi9oZmUvODgzNTQ0OTU1MjkyNi5wbmd8Y2VjOWM1NGY1Njk0ZDU2MjZkMTAwN2Q0NmVmM2JiNTViNzJiNzFhYjFlNWQ1MDMyMzhkYjQwYWQwMGEwMGIxNg.png,116,null,1
ASTUR alubia blanca larga bolsa 1 KG, 3.72,Alubia Blanca Riñón,http://res.cloudinary.com/dc8yintyr/image/upload/bWFzdGVyfHJvb3R8MTkxMTJ8aW1hZ2UvcG5nfGg1OC9oMjcvODgzNDM1MDU3OTc0Mi5wbmd8NGQwZjhiYWQ2NzVkZGNlY2ExMmZlYzMwMjI5MmRjNTMzYTg5MTI4ZTQ4OWQ5ZDFmYTVlMTQ5MDBlMmNlMmJlMw.png,117,null,1
GALLINA BLANCA sopa de ternera con estrellitas sobre STAND, 0.64,Sopa de Ternera con Estrellitas,http://res.cloudinary.com/dc8yintyr/image/upload/bWFzdGVyfHJvb3R8MjQ1Mzh8aW1hZ2UvcG5nfGg3ZS9oM2MvODgzMzUxNTQ1NDQ5NC5wbmd8Y2ZlMjNlN2VhYzdjMjc4MzczNWE5MjU0YmM2ZGI4NzA2N2ZkNjRmZjI5NGY0YzFkNjMzMTVhNzNlNzY5YzEzYw.png,118,null,1
BUITONI pizza micro jamón y queso caja 315 gr, 3.0,Pizza de jamón y queso. Comida preparada ultracongelada.,http://res.cloudinary.com/dc8yintyr/image/upload/bWFzdGVyfHJvb3R8MzQ0ODl8aW1hZ2UvcG5nfGgxMS9oN2IvODgzMzkwMzE2NTQ3MC5wbmd8ZGZmNGQ2NmI1MmU2ZjkyOTg0NGFiOGQyZTFjZTRmZTA3MGQ1M2EzY2I3N2I2ZjQ3NWY5ZGYyMzBjZWU0OTE3OA.png,119,null,1
DR OETKER ristorante pizza 4 quesos caja 340 gr, 3.15,,http://res.cloudinary.com/dc8yintyr/image/upload/bWFzdGVyfHJvb3R8MzMwNDF8aW1hZ2UvcG5nfGhiYS9oMzUvODgzNTE1ODU3MzA4Ni5wbmd8MWY3Yzg3NzYyYmI2NDdjNTY3MTg1Y2M2ZThiZTg4YWQzM2VjNjUyNzczMTgzNWMxMzJkZWQ0ZTU3NjFhYjc2ZA.png,120,null,1
KNORR caldo vegetal estuche 12 pastillas, 1.45,,http://res.cloudinary.com/dc8yintyr/image/upload/bWFzdGVyfHJvb3R8MTMxMzR8aW1hZ2UvcG5nfGgzZC9oMTQvODgzMzQ1Mzc1MjM1MC5wbmd8OTBmNjExOTA3ZWE3YmIxMjRlNzQxYTdiY2I2ZmZhOWJmM2JjMzY4NTUyYmZmZDgyYmQ4ZDI1OGU3MGVkNmRjYg.png,121,null,1
BUITONI piccolinis capricciosa caja 270 gr, 2.85,Minipizza de jamón cocido y queso. Comida preparada ultracongelada.,http://res.cloudinary.com/dc8yintyr/image/upload/bWFzdGVyfHJvb3R8MzIzMzh8aW1hZ2UvcG5nfGg4My9oNDkvODgzMjg3NTM5NzE1MC5wbmd8M2E3MTk3MGNmNDg3Mzk3NjM1ZTQwZmNhZTBmYmE3MTI2ZjA5OTJmNmJjYzQ3YjgwYmEwNWI3NGIwMWNmNjBmNQ.png,122,null,1
BORGES nuez pelada bolsa 130 gr, 2.89,Nueces de california en grano,http://res.cloudinary.com/dc8yintyr/image/upload/bWFzdGVyfHJvb3R8MTY5Nzh8aW1hZ2UvcG5nfGhiNi9oZjIvODgzNTQ2OTU0MTQwNi5wbmd8MmFlZmQ2MjA3MzNjZjk4MzEzYmEzODIzOTJjYjFjZDAwNDlkOTc4OGNjYzU4YzAyOTY1YmFiYzI4Njc3MTM3NQ.png,123,null,1
GALLO ñoquis bolitas de patata estuche 400 gr, 1.29,ÑOQUIS DE PATATA,http://res.cloudinary.com/dc8yintyr/image/upload/bWFzdGVyfHJvb3R8MTk1MDZ8aW1hZ2UvcG5nfGg4MS9oZjgvODgzNTIwNjM0ODgzMC5wbmd8OGZmYzNiZTE1NGYxM2IyMTk1NDNlNjUzZjY2NDUxZjUzZTBmNzJjODY3NGE4NjgzYTkxMmVhNTUyODcwMDIyOA.png,124,null,1
HERO mermelada temporada higos frasco 350 gr, 1.7,Mermelada de higo,http://res.cloudinary.com/dc8yintyr/image/upload/bWFzdGVyfHJvb3R8MjA1MTN8aW1hZ2UvcG5nfGg1ZC9oZWQvODgzNTIwNjg3MzExOC5wbmd8NjkzMzBiM2RmYzk5NGM0MTZkOTM4ZGJmYjEzOWViYWVhMGQxNzY1MmY1NGQ3YWQ1MGRiNmZmNTk3ZmU0ZTU4NA.png,125,null,1
BORGES POPITAS palomitas zero micro caja 3 uds, 2.31,MaÍz para palomitas saladas para microondas,http://res.cloudinary.com/dc8yintyr/image/upload/bWFzdGVyfHJvb3R8MjQ0NDl8aW1hZ2UvcG5nfGhlNC9oMmYvODgzNDQ2ODYxMDA3OC5wbmd8NzYwNjY0N2E1YTBiZTBjOGQ3YjZiY2E3YmZmNjQ5NjdmNWZkMzVkNDBmYTg2ZDJhYzZmMjQ5ZmNlYjc4YmI2Mg.png,126,null,1
GALLO spaguetti integral paquete 500 gr, 1.34,PASTA ALIMENTICIA DE SÉMOLA DE TRIGO DURO RICA EN FIBRA,http://res.cloudinary.com/dc8yintyr/image/upload/bWFzdGVyfHJvb3R8MTAyNDN8aW1hZ2UvcG5nfGg4OC9oN2EvODgzNDExNTA0MzM1OC5wbmd8NzBmZThlOGMxZDUzMTMzOGM2YTQ0N2E4MDVmYzc0M2Y5MTFhOTExOTMzZmNkNDdiNjc2Mzc5YTlhMGE0MmVhZA.png,127,null,1
BUITONI pizza forno di pietra caprese caja 350 gr, 3.05,Pizza de tomate cherry y queso. Comida preparada ultracongelada,http://res.cloudinary.com/dc8yintyr/image/upload/bWFzdGVyfHJvb3R8MzAzMDl8aW1hZ2UvcG5nfGg3Yi9oYTIvODgzNTE2NTkxMzExOC5wbmd8YjFlNDVhMTE3YjQxMTc0ZDc2NGMyMGExYzI3ODFiMTc0OTk0ODM1ZjIzMzRjM2MxMjcxYmQ3MjY2NDVhYjc2Zg.png,128,null,1
BUITONI pizza forno di pietra vegetale caja 370 gr, 3.05,Pizza de pimiento  calabacín y cebolla asados. Comida preparada ultracongelada,http://res.cloudinary.com/dc8yintyr/image/upload/bWFzdGVyfHJvb3R8MzE1MDV8aW1hZ2UvcG5nfGg3My9oZmMvODgzNDY2OTg3MTEzNC5wbmd8ZGExNmJiMjk2M2UzOThkMDQyZmM4NzgzZWIwNzFhNDc2M2YzZDJlOTYwZTViOTVmNjMwZWM3Y2I0ZjM5Y2RlZA.png,129,null,1
MATUTANO cheetos pelotazos bolsa 130GR, 1.11,Producto de aperitivo de maíz horneado con sabor a queso,http://res.cloudinary.com/dc8yintyr/image/upload/bWFzdGVyfHJvb3R8MjIxMTh8aW1hZ2UvcG5nfGg1Ny9oZDEvODg0NjkyNzYyNjI3MC5wbmd8YzFlOTBjOThmNjljNjU4MGY4ZDExZGIyMzBmZTJiNTI0ZmRiNzMzM2FmYmUwNzZiNGQ2MDdjYjYzYzViYTc4Ng.png,130,null,1
KNORR salsa bechamel BRICK 500ML, 2.03,Salsa bechamel,http://res.cloudinary.com/dc8yintyr/image/upload/bWFzdGVyfHJvb3R8MTg1ODl8aW1hZ2UvcG5nfGg2OC9oNzcvODgzMzAwMjc5OTEzNC5wbmd8MjAwZTMwOWE0NjMzZjhkMDAyYzI0ODVhNDkwZDc0Nzg2ZWYyOWE1YjM4NzY0MGZkOGIxYzE0M2JjMWE0Yjk2ZA.png,131,null,1
BORGES pasas sin pepitas bolsa 300 gr, 2.13,Pasas sultanas,http://res.cloudinary.com/dc8yintyr/image/upload/bWFzdGVyfHJvb3R8MjE2NzF8aW1hZ2UvcG5nfGg2Zi9oYTkvODgzNDQ1OTY5NzE4Mi5wbmd8MzViNmE4NThhMzM4ZDhkOTkxOTY3ODZkMjdkNzI0ZGQ2YmFlNjFmZjE4NjY2NTVkNjdiMTRjZDIyYmJlNmVhOQ.png,132,null,1
GALLINA BLANCA caldo pollo -sal estuche 10 PAST, 1.72,Caldo deshidratado de pollo con 3% aceite de oliva virgen extra,http://res.cloudinary.com/dc8yintyr/image/upload/bWFzdGVyfHJvb3R8MTcwNzd8aW1hZ2UvcG5nfGg2MS9oZTUvODgzNDc3NTUxNTE2Ni5wbmd8MmYzMWE1YmI1MjE4YTY4YjMzY2ViMzdmM2JkZTg0ZDcwMTZiMTE1NWY1NTljYmM2NjVjZDhjYzRjMDdmYTc1MQ.png,133,null,1
GALLO fideo 1 paquete 500 gr, 0.96,PASTA ALIMENTICIA DE CALIDAD SUPERIOR,http://res.cloudinary.com/dc8yintyr/image/upload/bWFzdGVyfHJvb3R8MTc5NDV8aW1hZ2UvcG5nfGhiZC9oODYvODgzMzc4MzQ5NjczNC5wbmd8Mzg5MTQwMjBkY2U1NTdjZWE1N2IxNmQxYzc5YzNjMWJhNzc2ZTlhMzhjMDU1YTE5MWZhYmNiMjAyMTBlODA0Nw.png,134,null,1
KNORR crema de bogavante brick 500ML, 2.92,Crema de bogavante y cigalas,http://res.cloudinary.com/dc8yintyr/image/upload/bWFzdGVyfHJvb3R8MTg4ODZ8aW1hZ2UvcG5nfGhiOS9oYjYvODgzNTE1NzAwMDIyMi5wbmd8NDE4Nzk4ZmViM2E0MTg1NTI0M2RlNWE1ZTI1NzcwZWI1M2Y4YzY1MDg2YWNjZjQyNjYyZGI2MDU3ZmQ2NjczZA.png,135,null,1
KNORR crema de calabaza con nata brick 500ML, 1.65,Crema de calabaza,http://res.cloudinary.com/dc8yintyr/image/upload/bWFzdGVyfHJvb3R8MTk4ODV8aW1hZ2UvcG5nfGgyYy9oOTMvODgzNTQzNDM0ODU3NC5wbmd8M2QyMjZkNWI1MDNiZmQzMjBiNDEyOGM3ZTZkOWIzYzRhM2NkODNiNTdmNzk5M2I0NjU4NDJmYjg5ZTA3MzU0MQ.png,136,null,1
GALLO salsa boloñesa tarro 415 gr, 1.69,SALSA PASTEURIZADA A BASE DE TOMATE CON CARNE,http://res.cloudinary.com/dc8yintyr/image/upload/bWFzdGVyfHJvb3R8MTk1MjR8aW1hZ2UvcG5nfGgwOC9oYTUvODgzNDUzODkzMDIwNi5wbmd8MjE4MGYxNDhlNWY0YWIxMzMzNWU3ZTg0MzE0ODg4NTUxNDIzNjJmMTM5MjdlMTg2MzMwODhhYzFiZmFjY2EyYg.png,137,null,1
GALLINA BLANCA sofrito tomate y cebolla frasco 350GR, 1.57,Sofrito de tomate y cebolla,http://res.cloudinary.com/dc8yintyr/image/upload/bWFzdGVyfHJvb3R8MTkxMzh8aW1hZ2UvcG5nfGgxZS9oYmEvODgzMzYwODMxOTAwNi5wbmd8Y2M5NzVkZWZjZjM4N2QzNTVlNDkwNjQ2ZTBjNDJiMjUwMDI0ZDU2NzNiMGFlMGUxMzNmOTM1OTYzMGE1NTlmNA.png,138,null,1
DR OETKER ristorante pizza speciale caja 330 gr, 3.15,Pizza queso  salami  champiñones y jamón cocido sabor ahumado.,http://res.cloudinary.com/dc8yintyr/image/upload/bWFzdGVyfHJvb3R8MzQzMjF8aW1hZ2UvcG5nfGhkNS9oN2UvODgzMzk4ODEwMDEyNi5wbmd8YTI5NTAwZDU2ZjA2Y2Y0Yzk2YjdiMzE0MzRlOTUzNWU4MjZjY2FiZTU0YTM3NTAwNmE4MGU1YTcxNjk2YjQ2ZA.png,139,null,1
BUITONI pizza toscana 4 estaciones caja 350 gr, 3.05,Pizza de champiñones  salami y jamón cocido. Comida preparada ultracongelada.,http://res.cloudinary.com/dc8yintyr/image/upload/bWFzdGVyfHJvb3R8MzE5OTR8aW1hZ2UvcG5nfGhmMy9oNTUvODgzNDg2Njc0MTI3OC5wbmd8ZTIwZWI3NWViZjI4ZGQ2ZmJjOWIxYzE4ZGVhOWY5NDNmMWNlNzk1OTEzMTc3ODkzODBjZDllNDA3ZTYwZGNjNQ.png,140,null,1
CASA TARRADELLAS pizza refrigerada de pollo envase 410g, 2.64,Pizza Fresca Pollo,http://res.cloudinary.com/dc8yintyr/image/upload/bWFzdGVyfHJvb3R8MzE0OTV8aW1hZ2UvcG5nfGhjMi9oZTMvODgzNDg1NDY4MjY1NC5wbmd8YzJmZGE3YjU2MWU0NDhiOTk4NTk4YzMwY2MxMGZkYzE5MDcxMzQ3NTgxMDI2NzUwZjlkZWMwMjU3N2JlMTA0Mw.png,141,null,1
GALLO harina de trigo paquete 1 Kg, 0.85,HARINA DE TRIGO,http://res.cloudinary.com/dc8yintyr/image/upload/bWFzdGVyfHJvb3R8MTU2OTN8aW1hZ2UvcG5nfGg1MC9oYzcvODgzNDUwMTcwNTc1OC5wbmd8NmRlYjFhMjA5NWEzYzRlMDcxZmVjOTE0MDFkZWM0YTRkNDc3MjlkMjllMmYxNjY1MmY4ZTJjZWViMTdjYmMxYw.png,142,null,1
GALLINA BLANCA caldo de pollo de corral brick 1L, 2.95,Caldo de Pollo de Corral,http://res.cloudinary.com/dc8yintyr/image/upload/bWFzdGVyfHJvb3R8MTI5Mjl8aW1hZ2UvcG5nfGg5MC9oYzAvODgzMzcxNjM4Nzg3MC5wbmd8NGRiNmU2MzhkNzc0N2EzZmUxNmI3MTJlOTdlYWZiZDhmOTY2MzdlNDU3ZmEzMDM3NjhjOTUyMGEzMTgzYjlkYw.png,143,null,1
BORGES POPITAS palomitas zero micro estuche 2 uds, 1.49,MaÍz para palomitas saladas para microondas,http://res.cloudinary.com/dc8yintyr/image/upload/bWFzdGVyfHJvb3R8MjUwMjN8aW1hZ2UvcG5nfGhiMy9oOWEvODgzMzM0OTAyNTgyMi5wbmd8OTUxZmY1OTUzNzM3ZGU1N2VkYTNmNmE5MjY1MmJkMzc5ODkyZmMxNDBkYTNjMWRlNzJmNmY1MGI2MWRiYjM1OQ.png,144,null,1
HERO DIET confitura ciruela frasco HERO 280 grs, 1.47,Confitura extra de ciruela de valor energético reducido con edulcorantes,http://res.cloudinary.com/dc8yintyr/image/upload/bWFzdGVyfHJvb3R8MTgyMTR8aW1hZ2UvcG5nfGhlNC9oMDIvODgzNDc3Mzk0MjMwMi5wbmd8MDM4YmE4NzE2NjgwMjY0NmUxNDM5YTdjMTMzZmU1YzlhMTc5NmMwMTg5YTBiNzhjOWJkOWZmY2I5ZjFjNjY0NA.png,145,null,1
ISABEL atun en aceite vegetal pack de 3 latas x 52 grs, 1.79,ATÚN EN ACEITE VEGETAL,http://res.cloudinary.com/dc8yintyr/image/upload/bWFzdGVyfHJvb3R8MTc0NTF8aW1hZ2UvcG5nfGg0My9oNjgvODgzMzczMDAxOTM1OC5wbmd8OWM4M2M0MDVlYTAyZGVlMmFmYmRjMTU1MWEwMjVmZDUwN2U3Y2JkMDY0ZTA3MThhMzFjZDNkNzZiODU4NTIxMQ.png,146,null,1
BORGES vinagre balsamico bianco botella 50 cl, 2.99,VINAGRE DE VINO BLANCO,http://res.cloudinary.com/dc8yintyr/image/upload/bWFzdGVyfHJvb3R8Nzg0MHxpbWFnZS9wbmd8aDJlL2g0Yy84ODM0ODU2MjU1NTE4LnBuZ3xiODUzZjNjNjFmNWE3Nzc2OTFjOWRiNTM5NDZmODMyYTM1Y2IzZmMxOWI2MGRlOTM1ODBiNjM0YzM2MmQ1YTU5.png,147,null,1
HERO mermelada temporada fresa Hero fraco 350 g, 1.7,Mermelada de fresa,http://res.cloudinary.com/dc8yintyr/image/upload/bWFzdGVyfHJvb3R8MTg2ODR8aW1hZ2UvcG5nfGgwMy9oY2YvODgzNTI2MTAwNTg1NC5wbmd8YTI0ZWFhZDNiODEzYzdkNjlkN2M1MjY5OWM1MjQ3NWQzZWZlMzBkYTViYjIyY2RjYjI4NjI3ODY0NjNiNDAxOA.png,148,null,1
HERO mermelada melocotón de temporada frasco 350 g, 1.85,Mermelada de melocotón,http://res.cloudinary.com/dc8yintyr/image/upload/bWFzdGVyfHJvb3R8MTgwNTJ8aW1hZ2UvcG5nfGhmMy9oNDAvODgzMzQyOTA0NTI3OC5wbmd8NTM3OTc4MDRmMTUzZTdjNTE2MWEwZjBiZmU0ZmY0ZmE3MzBlZjhjZDBmOTMxMDJhY2RjZGUyYzkyODUwYjEzMA.png,149,null,1
GALLINA BLANCA noodles fideos orientales vaso 61 gr, 1.19,Preparado alimenticio con fideos de trigo y aderezo sabor oriental deshidratado.,http://res.cloudinary.com/dc8yintyr/image/upload/bWFzdGVyfHJvb3R8MjIxMDh8aW1hZ2UvcG5nfGg3MS9oMjYvODgzNDA5NzIxNzU2Ni5wbmd8NTNhZDU4NDkzMTE0NWI1MTA4ZWIxNjQwM2I4NjJkMmNkMDhjOWE4OWUyZmUwMzEyYmQxOTk5ZTcxODkzMjZmZA.png,150,null,1
BORGES vinagre balsamico de modena botella 50 cl, 3.29,'ACETO BALSAMICO DI MODENA IGP' VINAGRE BALSAMICO DE MODENA,http://res.cloudinary.com/dc8yintyr/image/upload/bWFzdGVyfHJvb3R8Nzg5NHxpbWFnZS9wbmd8aDBlL2hjMC84ODMzNDEzODQwOTI2LnBuZ3w2YWM2MmMxMWFhZWM1ZTM3N2NjZTcxOWY5MTYxZjgyNTJmZjJkYzkxYTk5NDgyNmJiZjBmYTE1OGE1NzhkZjc4.png,151,null,1
BORGE mezcla frutos secos bolsa 200GR, 1.29,Mezcla de legumbres secas con maíz frito y cacahuetes fritos y salados,http://res.cloudinary.com/dc8yintyr/image/upload/bWFzdGVyfHJvb3R8MjQyNTN8aW1hZ2UvcG5nfGgyMC9oMjYvODgzNDQ1ODEyNDMxOC5wbmd8YzM5MGNhMTY0ZTYwZGIyNzZhNTk4Mjc5NGYxOTZmNjdiM2I5ZTFhNmU5YmJkMjM0OWQ4ZGM4NjY5OTllNzVhNQ.png,152,null,1
CALVO atun claro al natural pack de 3 latas x 168 gr, 2.39,Atún claro al natural,http://res.cloudinary.com/dc8yintyr/image/upload/bWFzdGVyfHJvb3R8MTI0MzB8aW1hZ2UvcG5nfGg4OS9oZjIvODgzNDMzOTA0NTQwNi5wbmd8OTlmMTM3MjA1NDUxODAyOWI1N2RlMjlmYjdiMjQ2ZmYwOTkxZjlhMGQ0NGE5MTc4ZjNmODQwNjlkNzRhZGFjZA.png,153,null,1
MATUTANO lote patata frita 2 ruffles jamón + 1 ruffles original bolsa 450GR, 2.65,Ruffles jamón: patatas fritas con sabor a jamón. Lay's xtra onduladas al punto de sal: patatas fritas extra onduladas,http://res.cloudinary.com/dc8yintyr/image/upload/bWFzdGVyfHJvb3R8MjkxODN8aW1hZ2UvcG5nfGhhYS9oMTgvODgzNTM5ODE3MjcwMi5wbmd8Y2I2YmJlNzIzYmFmYmRlNTIzNGYzNzY3YmY2YmZlMjVmZjBjNmI3YTVkZTAxMTZiZmMwZDZhNzJiYzgyNTJjNw.png,154,null,1
YBARRA mayonesa TARRO 750ML, 2.34,Mayonesa,http://res.cloudinary.com/dc8yintyr/image/upload/bWFzdGVyfHJvb3R8MTY3NDR8aW1hZ2UvcG5nfGg0ZC9oZmYvODgzNDUyMDA1NTgzOC5wbmd8ZWQzMTM3ZmJmODI4YjdiMWEzNjllODdiNGI0MDM1ZGUzMDEyMjkzODZmYjM5MmFkYjliZjg5NTQ5ZTc2ZGU1Mg.png,155,null,1
GALLO helices vegetales paquete 500 gr, 1.29,PASTA ALIMENTICIA DE CALIDAD SUPERIOR. PASTA ALIMENTICIA COMPUESTA A LAS ESPINACAS. PASTA ALIMENTICIA COMPUESTA AL TOMATE.,http://res.cloudinary.com/dc8yintyr/image/upload/bWFzdGVyfHJvb3R8MTkwMzF8aW1hZ2UvcG5nfGhjOC9oMGIvODgzMzA2MzYxNjU0Mi5wbmd8NmViNmVkMTIwOWU3MzQyZTc5ZTE3MWZkYzE0YWY5OGIyNWZmZjdiMmEyMTM4NTg0N2U3ZGJiNGY1OWJhZDE0NA.png,156,null,1
ISABEL mejillones en salsa vieira 13/18 piezas lata 69 grs, 1.15,MEJILLONES EN SALSA VIEIRA,http://res.cloudinary.com/dc8yintyr/image/upload/bWFzdGVyfHJvb3R8MjI0OTl8aW1hZ2UvcG5nfGg4OC9oZGYvODgzMjkyMTAxMDIwNi5wbmd8NzZjYTQ3NTIxMWY3ZDg3NGE4NjUxNDg5N2U2MmJhZDBkNGI1MTI4NDAwYzVmNDcyZTU2NmYyNWE2NWY4N2ExYQ.png,157,null,1
LA ASTURIANA alubias blancas cocidas frasco 400GR, 0.99,Alubia Blanca cocida natural,http://res.cloudinary.com/dc8yintyr/image/upload/bWFzdGVyfHJvb3R8MTM4MTR8aW1hZ2UvcG5nfGgyOC9oNzcvODgzMzY1NzE0MzMyNi5wbmd8NzRkODA1MDA2MTFlYmY1MTllZTgwZTE2YmI5N2YxMzc1ODczYzk1Y2I2MDIyMDcyNDkwNTA3MjZmYTQ2MGIwNw.png,158,null,1
CALVO atun claro en aceite vegetal pack 3 latas x 52 grs, 2.39,Atún claro en aceite girasol,http://res.cloudinary.com/dc8yintyr/image/upload/bWFzdGVyfHJvb3R8MTE0MzJ8aW1hZ2UvcG5nfGhhMy9oZTIvODgzNTM0MDQzNTQ4Ni5wbmd8ZmNhYzYzNDBlZTYxMDU2MTA2NTFlMGUzYjI2ZTdhZTg0YjdiYjUxOGM2MzFiYmQ4YTNhMjFiNDQzNzAwYmNiOA.png,159,null,1
GALLINA BLANCA avecrem estuche 24 pastillas, 2.55,Caldo deshidratado de pollo,http://res.cloudinary.com/dc8yintyr/image/upload/bWFzdGVyfHJvb3R8MTI5OTB8aW1hZ2UvcG5nfGhhNS9oNzkvODgzMjc5ODA5NzQzOC5wbmd8OTQ3NTBjODkxZTQ2NDBkYmNlZDcwNTNkMTlhZDBmMjZkZTZmN2QwM2U1YzVmNzQzZTkzNGI5NWUxYTdmMGI1ZA.png,160,null,1
GALLINA BLANCA sopa de ave con fideos sobre 76GRS, 0.64,Sopa de Ave con Fideos,http://res.cloudinary.com/dc8yintyr/image/upload/bWFzdGVyfHJvb3R8MjI1NzN8aW1hZ2UvcG5nfGg5Ny9oYzkvODgzNDIxOTUwNzc0Mi5wbmd8OGU4NWMyZjY5Zjc1YjdkNjRmN2FmMTQwMmY3YjViMWJkNDRkMjVjNGEyZWQ3Yzg1MDhlNjMyZmZlOGRlMTMzZA.png,161,null,1
HERO confitura melocoton frasco 345 grs, 1.29,Confitura de melocotón,http://res.cloudinary.com/dc8yintyr/image/upload/bWFzdGVyfHJvb3R8MTcxMTh8aW1hZ2UvcG5nfGgwOC9oMDYvODgzMjc4OTcwODgzMC5wbmd8MTgyYTAzMjAxZGI1YmNkNWY1MDdhY2NlZDkyN2RlN2ZlNjA0MGI5NDRmM2EwZGY5NDkyZTkyYzk4MGJiNjZkMw.png,162,null,1
HERO DIET confitura melocoton frasco 280 grs, 1.47,Confitura de melocotón,http://res.cloudinary.com/dc8yintyr/image/upload/bWFzdGVyfHJvb3R8MTcwNDF8aW1hZ2UvcG5nfGgyZC9oYmQvODgzMjg5MTEyNTc5MC5wbmd8YTg0NzRiMjNhNmNiYmI4ZGE1ZmUyMDVkYWViZGJmYmJmYjg2NGIxNTg4OTA3M2E5ZDYzMjE5MmI1Y2ZmODY4Mw.png,163,null,1
KNORR doble caldo carne estuche 16PAS, 1.69,Caldo deshidratado sabor carne con un 10% de aceite de oliva virgen extra sobre 20% de materia grasa,http://res.cloudinary.com/dc8yintyr/image/upload/bWFzdGVyfHJvb3R8MTIyODh8aW1hZ2UvcG5nfGhmNi9oYTQvODgzMzYxMDk0MDQ0Ni5wbmd8Zjc3YTA2MGViNTdjYWIzYTZmMmQ0ZGVmMDUwZmE5ZjNjOWMyMzg5YmQ4NDM4NDY5MWVhYTI4ODAyODY3MTU0NQ.png,164,null,1
BUITONI forno di pietra pizza jamon y queso caja 360 gr, 3.05,Pizza de queso y jamón cocido . Comida preparada ultracongelada,http://res.cloudinary.com/dc8yintyr/image/upload/bWFzdGVyfHJvb3R8MzExNzN8aW1hZ2UvcG5nfGgwNi9oYmYvODgzMzk0OTMwMjgxNC5wbmd8ZDY4MmVjZDUzNjRlOGQ3MDg0OTZmNzA4YTBjZTEzZTlkZDQzY2E4OTlkM2IxYjEyMzc2Mjk5ZDQyNDc2YjAyZg.png,165,null,1
DR OETKER pannini barbacoa pack 2 uds, 2.63,2 Baguettes con salsa barbacoa y carne de ternera,http://res.cloudinary.com/dc8yintyr/image/upload/bWFzdGVyfHJvb3R8MjQ1NDl8aW1hZ2UvcG5nfGg0NC9oZDMvODgzMzE5NTkzMzcyNi5wbmd8OGM1MjU3Njk1Njk1ZTdkYzg3MTI4ODM0Nzc0ODlmODc5NGRmMDc3NDExOTcyZDMzZDlmMDY1MTE1ZmIwNjk4Zg.png,166,null,1
YBARRA mayonesa ligera TARRO 450GR, 1.15,Salsa de Mesa,http://res.cloudinary.com/dc8yintyr/image/upload/bWFzdGVyfHJvb3R8MTYwNzV8aW1hZ2UvcG5nfGg2MS9oY2UvODgzMjg0NzM4MDUxMC5wbmd8YmYwNDI1Y2M3NDM1NWRmNzg3ODU0ZWVmZmRhOWRlNjlmNzJiMmQyMTVkNmZkZmNlMDc1ZmZlNDkwNDQyNzM2Mg.png,167,null,1
CALVO atun claro en aceite girasol pack de 6 latas x 52 grs, 4.35,Atún claro en aceite de girasol,http://res.cloudinary.com/dc8yintyr/image/upload/bWFzdGVyfHJvb3R8MTI3MjR8aW1hZ2UvcG5nfGhjYy9oNDYvODgzMjgzMzIyNDczNC5wbmd8Mjc4YWM2N2IyMDZjYmI4MjRjYjU2NmEzMzg2YTczM2RkMWM0OTAwMDVhYWQ4ZGZiNTM5Y2M2MDFhNzg2NWZiYQ.png,168,null,1
LA ASTURIANA garbanzos y espinacas frasco 400 gr, 1.42,Garbanzos cocidos con espinacas,http://res.cloudinary.com/dc8yintyr/image/upload/bWFzdGVyfHJvb3R8MTM1NzZ8aW1hZ2UvcG5nfGhiNi9oZTkvODgzMzY2ODE1MzM3NC5wbmd8ZTQ1NDRiMzhkMDg3ZGJhN2M3N2QyNjM2ZmMzNmY3OGI0MjQyYzk5ZmRmMWM1ODJlMzAxOGM1OGNkOTFhNDgyZA.png,169,null,1
HERO confitura fresa frasco 345 grs, 1.29,Confitura de fresa,http://res.cloudinary.com/dc8yintyr/image/upload/bWFzdGVyfHJvb3R8MTg4NTl8aW1hZ2UvcG5nfGhlNS9oYWQvODgzNDIxODQ1OTE2Ni5wbmd8NDEyNWY2ZmUzOWRhOWQzMmMzN2FkMjliODkzNTUwNWMyZGIxYzU0NWU4NDI2NDZlMjcyNDBiZDY0NTM2ZWQ0Yw.png,170,null,1
CARRETILLA esparrago blanco ext LATA 150GR, 2.35,Espárragos blancos,http://res.cloudinary.com/dc8yintyr/image/upload/bWFzdGVyfHJvb3R8MTY0OTZ8aW1hZ2UvcG5nfGg0My9oYjAvODgzMzE0ODU1MTE5OC5wbmd8MGRkOWVkZmY5OWI0ZGRhZTRlZDA2N2MzZTA5NmZlNzIyMzUzMjAwNGQ2NjQwNmZmNjg4MDMzYzliM2I4MzlhOA.png,171,null,1
CALVO mejillones en escabeche 8/12 piezas lata 69 grs, 2.13,Mejillones en escabeche de las Rías Gallegas. Tamaño mediano,http://res.cloudinary.com/dc8yintyr/image/upload/bWFzdGVyfHJvb3R8MTkwNTJ8aW1hZ2UvcG5nfGgzMi9oZGIvODgzMzU1MzcyNzUxOC5wbmd8ZDU4ZGRkMGMwYmVlYWMwYjg1OTJlNzkzZTJlYTZhYTUwYTA0OGIxOTdjYjY0ZWZhMGY5YjEzZDFmMWJjNDVlZA.png,172,null,1
CASA TARRADELLAS pizza refrigerada barbacoa envase 400g, 2.64,Pizza Fresca Barbacoa,http://res.cloudinary.com/dc8yintyr/image/upload/bWFzdGVyfHJvb3R8MzA3MzB8aW1hZ2UvcG5nfGhjZC9oNmEvODgzMjkyMDQ4NTkxOC5wbmd8MGE1ODE3YmIxNjYxMWUzNzNiZTUyYTc2MTYwMWViYTZiY2VhOWY4ZjUxNGQwYTc3NmY4NWNjNTc5MzFmYzg3Zg.png,173,null,1
BUITONI piccolinis 3 quesos caja 270 gr, 2.85,Minipizza de queso. Comida preparada ultracongelada.,http://res.cloudinary.com/dc8yintyr/image/upload/bWFzdGVyfHJvb3R8MzEwODB8aW1hZ2UvcG5nfGg5YS9oNDcvODgzMzI5NDQ5OTg3MC5wbmd8MzdjMGIyMjU2NDZhZGU0MTM1OTliNTlmNmVkY2ZjMWU1YTg2NDYyMWQ3ZTE0MjdlNGQyZjJjNTBjYzVhMGFiMQ.png,174,null,1
DR OETKER casa di mama pizza proscuito y funghi caja 380 gr, 3.63,Pizza tomate  jamón cocido sabor ahumado y champiñones.,http://res.cloudinary.com/dc8yintyr/image/upload/bWFzdGVyfHJvb3R8MzY2NDB8aW1hZ2UvcG5nfGhiNS9oMWIvODgzMzI3MzUyODM1MC5wbmd8OTRjN2Y3ZjUwZjc3MTVkNTU3YjQxNWNjOGFjMjU2OTQwZDU4ZjUwMWZjZDMyZTY2NjU2ZThlM2E4YmZkMDU0MQ.png,175,null,1
ISABEL filetes de atún con verduritas en salsa 180 g, 2.25,FILETE DE ATÚN CON HORTALIZAS,http://res.cloudinary.com/dc8yintyr/image/upload/bWFzdGVyfHJvb3R8MjUwNDN8aW1hZ2UvcG5nfGhiZS9oNWIvODgxOTkwNDU0NDc5OC5wbmd8ODY3YjI0ZjQ4NjEzZmYwN2IxYjk2MDdmZDNiY2RiZDE4MjJjODE3Zjg0NzZjMWU3NWM4ZmZmOWY3MWZmNjI1NQ.png,176,null,1
KNORR crema de espárragos sobre 49 gr, 1.4,Crema deshidratada de espárragos,http://res.cloudinary.com/dc8yintyr/image/upload/bWFzdGVyfHJvb3R8MjExNzl8aW1hZ2UvcG5nfGhmYi9oMTMvODgxOTA2NDUzNzExOC5wbmd8MWVhY2RiZDc0NzdiOTRiMDc3N2JiNDhiYmEyMGZkZDZhODA4YjQyZTIxOTc3MDM0ZjY1MTdlN2QwOWNlNzRkMA.png,177,null,1
ISABEL burguer de atún abrir y listo caja 2 uds, 2.19,BURGUER DE ATÚN,http://res.cloudinary.com/dc8yintyr/image/upload/bWFzdGVyfHJvb3R8MjI3NDF8aW1hZ2UvcG5nfGhhZi9oY2UvODgzNDIwMTE1NzY2Mi5wbmd8NzBjYWVmZWEzNzVhYjc1ZDRmZDhjNGQ3ODE0YmFiMjZjYTUwODkxZmI1NzM2NWMxZmIzM2NhMmY1NTI5OGIzNw.png,178,null,1
LAY'S patatas fritas xtra sal bolsa 250 gr, 1.64,Patatas fritas extra onduladas,http://res.cloudinary.com/dc8yintyr/image/upload/bWFzdGVyfHJvb3R8MjA0Nzd8aW1hZ2UvcG5nfGg3My9oN2UvODgyMDU1MjE3MTU1MC5wbmd8ODUxYjA3NzlmYTk1MzVjMmNlNzE0YzQ4NmY5NTlkNGUxOTc1NGVmNDQ5ZWM4MDQ5NGJiMWFjODg4NWM2YmE4Zg.png,179,null,1
CASSA DI MAMMA pizza 4 quesos 395 gr, 3.45,Pizza queso Edam  queso Mozzarella  queso Emmental y queso azul.,http://res.cloudinary.com/dc8yintyr/image/upload/bWFzdGVyfHJvb3R8MjAzOTF8aW1hZ2UvcG5nfGg0Yi9oNWUvODgzNTY0NjA5NTM5MC5wbmd8ZjZiNzk4N2FmZWY1MGVmMGUwNTg0YzcwYTFjOWE4ZGI1Y2ZlNWE0ZGM0ODExOGE5M2Y4NWNiMzIxNWYzNDA4MQ.png,180,null,1
ISABEL mejillones al natural 13/18 uds lata 86 gr, 1.15,MEJILLONES AL NATURAL,http://res.cloudinary.com/dc8yintyr/image/upload/bWFzdGVyfHJvb3R8MTk2OTJ8aW1hZ2UvcG5nfGhlNC9oMDgvODgzNDIwNTM1MTk2Ni5wbmd8NjMwZTU4OGI3M2IwOGM1Mjk5NmY4Y2M5MjVmNWE5OWQzNDRkZGU3Yzk5NThiYThlMzE4ZTJhY2NhMDEwOTBhNA.png,181,null,1
GALLINA BLANCA sopa de ave con fideos pack 3 sobres 240 GRS, 1.5,Sopa de Ave con Fideos,http://res.cloudinary.com/dc8yintyr/image/upload/bWFzdGVyfHJvb3R8MjMzNzZ8aW1hZ2UvcG5nfGhjNy9oODMvODgzMzgzNzU2MzkzNC5wbmd8YmI4ODI1YzA4ZGY3MGYxNDFhZWU4NGI4YzJjZGNlMGVjYmQ1MWZmODExMGMwYmQ5Y2NmN2E4OTNlNGU1ZDBlMg.png,182,null,1
YBARRA salsa especial para ensaladillas tarro 450 ml, 1.29,Salsa de Mesa,http://res.cloudinary.com/dc8yintyr/image/upload/bWFzdGVyfHJvb3R8MTU1NTJ8aW1hZ2UvcG5nfGhmYi9oZDUvODgzNDg5NjEwMTQwNi5wbmd8ZGRiYzgxOGE0MTY0NmZiYzI3NzAxYjIzZDZkNDllYTJiNjAzMDU0MWRmOTkzZjM4MGE3Nzg3MTMyOWQ3NmQwOQ.png,183,null,1
ISABEL bonito en aceite de oliva tarro 260 g, 5.93,BONITO DEL NORTE EN ACEITE DE OLIVA,http://res.cloudinary.com/dc8yintyr/image/upload/bWFzdGVyfHJvb3R8MTk4OTN8aW1hZ2UvcG5nfGg4ZC9oM2EvODgxNzcyODk0NjIwNi5wbmd8MmRjY2YwZDAzYTk2MzA1MjU3YzQzYWJkMzNmNmEzOTI1ZjcwYzEwOTljNzAyMThhNjJmOGYyMDcwOTQ0MzVlYw.png,184,null,1
CARRETILLA espárragos blancos extra calibre grueso 8/12 uds frasco 205 gr, 2.49,Espárragos blancos extra.,http://res.cloudinary.com/dc8yintyr/image/upload/bWFzdGVyfHJvb3R8OTcxOHxpbWFnZS9wbmd8aDVmL2gzZS84ODM1Njk5OTMzMjE0LnBuZ3wzMTA2MTAyN2VjYWEzOTNjMjI3NzFkOGQwY2E0MTk2OWEwOTcwMTQwZmE1NzQ5NDE4MDRhNGIwNWVmNWQxMzNj.png,185,null,1
GALLINA BLANCA sopa de cocido con fideos sobre 72 GRS, 0.63,Sopa deshidratada de Cocido,http://res.cloudinary.com/dc8yintyr/image/upload/bWFzdGVyfHJvb3R8MjY1NTR8aW1hZ2UvcG5nfGg2OS9oYWIvODgxOTU0NzA3ODY4Ni5wbmd8M2Y0ZmMyZmUyNzE3YWExOTkzNDc4NjI0NmY4YjMzNzUyODhiOTkxYzJhODU4NDFkYjlhMTg0MzQ1MjI4NzEyZg.png,186,null,1
BUITONI ravioli de carne al brasato envase 250 gr, 2.69,Pasta fresca al huevo rellena de carne,http://res.cloudinary.com/dc8yintyr/image/upload/bWFzdGVyfHJvb3R8MTczMjl8aW1hZ2UvcG5nfGhkYi9oNDMvODgzNDIwODQ5NzY5NC5wbmd8OWY1MzE0ZmVmMjYzZDRlM2MzYzU3YjUzYTJhYmRmMjQ1MTYyOTY1NWYxMjM5MDZmYWIxNTYwNGIxOTViZDAyYQ.png,187,null,1
BUITONI ravioli de setas del bosque envase 250 gr, 2.69,Pasta fresca al huevo rellena de setas.,http://res.cloudinary.com/dc8yintyr/image/upload/bWFzdGVyfHJvb3R8MTk2MjR8aW1hZ2UvcG5nfGgzZi9oMDcvODgxNzg4Nzg3MTAwNi5wbmd8MzViNWQxZjY5ZmIzNzBmMDE5ZTJmNGYwNjJkZjNmZmUxYzFjZGQ0Njc1MTg1ODRkOTBhZjc4MzMwN2JmNmE4OQ.png,188,null,1
ISABEL atún en aceite vegetal lata 650 g, 6.69,ATÚN EN ACEITE GIRASOL,http://res.cloudinary.com/dc8yintyr/image/upload/bWFzdGVyfHJvb3R8MzAxNjR8aW1hZ2UvcG5nfGg3My9oOTgvODgzNTY1MDI4OTY5NC5wbmd8ZjJmYjc4ODY5YjJmZjJmMjZhMTVjOWU3ZDRkYzRlMmQ4NWM0ZTU3YmFmMjI5MmU4YTJmN2U4ODY5MGU3NTc4Mw.png,189,null,1
DR OETKER ristorante pizza prosciuto caja 330 gr, 3.15,Pizza tomate  jamón cocido sabor ahumado y queso.,http://res.cloudinary.com/dc8yintyr/image/upload/bWFzdGVyfHJvb3R8MzE1MjN8aW1hZ2UvcG5nfGhkNS9oYzEvODgxNzg4ODkxOTU4Mi5wbmd8MjI0OGU5MjY1NmIwYTVlN2I2ZDA4NmZiNDM3ZmQyNmJjY2VhMmEzYmE1YjhhMjUxYjE1OGRiNGQ2NGZmM2E2MA.png,190,null,1
DR OETKER ristorante pizza barbacoa caja 350 gr, 3.15,Pizza de ternera  jamón cocido  queso Mozzarella  queso Edam y ketchup especiado,http://res.cloudinary.com/dc8yintyr/image/upload/bWFzdGVyfHJvb3R8MzQyODZ8aW1hZ2UvcG5nfGhjMS9oMzQvODgyMDExMDc4NjU5MC5wbmd8ZWE3MDBkNTcyMDA4MTIxOThlMDUyMWJjMDNkYjQzZDZmMWQxYzZjMzdmNTk3NzViZjQ4YTlmMmQyZjY5OWU0Yw.png,191,null,1
CALVO atun aceite oliva pack-3 latas 156 g, 2.51,Atún en aceite de oliva,http://res.cloudinary.com/dc8yintyr/image/upload/bWFzdGVyfHJvb3R8MTE2NTh8aW1hZ2UvcG5nfGg1Yy9oNjIvODgxNjA2MzQxNDMwMi5wbmd8NTFhM2VmZDg2NmYzZjk5NTBkMDhlZjQyMDcxZTBlNTQ4ZDczMjA5YzRlZGNkZGRiMjQxNDE1ZTRiZDQ5NDIxYQ.png,192,null,1
CHEETOS cheetos rizos bolsa 100 gr, 1.0,Producto de aperitivo de maíz horneado con sabor a queso,http://res.cloudinary.com/dc8yintyr/image/upload/bWFzdGVyfHJvb3R8MjE3NDB8aW1hZ2UvcG5nfGhmNy9oY2UvODgzNTY2MDU0NjA3OC5wbmd8MzExN2IwYWIzYzk1YTAwY2ExNzE4YjAxZDllNjhlODRhNWI3ZTAyZGNiNjg3Mjc4NzVlMDUyYjlhYTFiZGU4NQ.png,193,null,1
GALLINA BLANCA salsa pimienta verde SOBRE 59GRS, 1.41,Salsa deshidratada pimienta verde,http://res.cloudinary.com/dc8yintyr/image/upload/bWFzdGVyfHJvb3R8MjE4MjN8aW1hZ2UvcG5nfGg3ZS9oNjIvODgzMjgzMjE3NjE1OC5wbmd8NWQ2OWNlZWJhMWViYjFlMjFjYTU4ZDUxMGQyY2UxNzM5YTdmZDVlZWUyNjZmOGU4ZTY4MjIyMTYzODE4ODA4Zg.png,194,null,1
LA ASTURIANA lenteja pardina bolsa 1KG, 2.98,Lenteja Pardina,http://res.cloudinary.com/dc8yintyr/image/upload/bWFzdGVyfHJvb3R8MTg1MzV8aW1hZ2UvcG5nfGg0My9oYTgvODgzNTQ3NjM1NzE1MC5wbmd8MmE4ZWUzMGJlZWE1OTJlNmQ2ZjM5NWY4M2UwMDQ0MzIzMDA3OWQ1ZTA4ZThiMTkyZTQ2MzM1NGNmOTQ2YjNhZQ.png,195,null,1
ISABEL mejillon en escabeche pack 3 latas x 43 grs, 1.65,MEJILLONES EN SALSA DE ESCABECHE,http://res.cloudinary.com/dc8yintyr/image/upload/bWFzdGVyfHJvb3R8MTQ4Njh8aW1hZ2UvcG5nfGg1NS9oNTYvODgzNDIzMDUxNzc5MC5wbmd8YmI4NmIyYzc0OGEzZTI0MmIyYWQ0NDkzNTUzM2RmNmI3NWE0Y2RiZDkyYTA5YjkxOWMwNTJiZTNhNzM0YWNmNg.png,196,null,1
GALLINA BLANCA sopa de pollo con fideos sobre 71GRS, 0.64,Sopa de Pollo con Fideos Finos,http://res.cloudinary.com/dc8yintyr/image/upload/bWFzdGVyfHJvb3R8MjUxNTJ8aW1hZ2UvcG5nfGg5My9oOGMvODgzNDk1NTM0NTk1MC5wbmd8OWQzZjNkYTE5ZGM0ODJkN2YwMjIzMWU4OTEwY2FjNmFhZTNjMjdmNjFhZDBiNGMxNTQ2MzM2ZmZiODQyMWRjNw.png,197,null,1
GALLINA BLANCA tallarines carbonara sobre 144GR, 1.88,Tallarines a la carbonara deshidratados,http://res.cloudinary.com/dc8yintyr/image/upload/bWFzdGVyfHJvb3R8MjU1Mzd8aW1hZ2UvcG5nfGgyNC9oYmUvODgzNTMzMzAyOTkxOC5wbmd8M2Q4MjIyZTY1ODIyODM1MDhhMWMzNWExZTNjMmNmODkzMmM3YTQ2M2FjNzEzNTBiMDM0NmE1MDI0Y2I2Yzk3OQ.png,198,null,1
DR OETKER pannini jamón y queso pack 2 uds 250 gr, 2.63,2 Baguettes Jamón y Queso,http://res.cloudinary.com/dc8yintyr/image/upload/bWFzdGVyfHJvb3R8MjI3NjJ8aW1hZ2UvcG5nfGg2My9oZDUvODgzNDAwODU0NzM1OC5wbmd8OGRhMjA3YjIwNzcyOGZkMGYwM2VkMmI1OWJlNWRjNjNmOWEyMGJhMDc4YjA2ZmRkODFmMzUyNTU2YjA3NzliYQ.png,199,null,1
YBARRA salsa gaucha FRASCO 225ML, 1.0,Salsa de Mesa,http://res.cloudinary.com/dc8yintyr/image/upload/bWFzdGVyfHJvb3R8MTYwNjV8aW1hZ2UvcG5nfGg2YS9oMTcvODgzNDYxMjU5MjY3MC5wbmd8ODg5ODZhMzdiNTI5NDBiZDRhZjQxM2U0YzUyZDJhM2I0ODFlMGQyMGNhY2EyNjQwYTJlOGU0NTk5NzA3OGE0Mw.png,200,null,1
GALLINA BLANCA spaghetti 3 quesos sobre 174GR, 1.88,Spaghetti 3 quesos deshidratados,http://res.cloudinary.com/dc8yintyr/image/upload/bWFzdGVyfHJvb3R8MjI2NDh8aW1hZ2UvcG5nfGg3Yy9oZGQvODgzMzE5MDE2NjU1OC5wbmd8NGQ0MjgyZjQzOGRjMTAxZTkzM2I4NzlkMjExNTgxZDI3MmE4YTE5NTQzNTc4N2E0YWJhNzExMTc4NGE4OTBhZA.png,201,null,1
RUFFLES patatas fritas onduladas original bolsa 170GR, 1.09,Patatas fritas,http://res.cloudinary.com/dc8yintyr/image/upload/bWFzdGVyfHJvb3R8MjE2MzR8aW1hZ2UvcG5nfGgwZi9oYjYvODgzMzE2NjkwMTI3OC5wbmd8MzY3MTc5NTQ5YTVlZTZmM2RhMzFmM2M3NTM5M2ZhNzZmMjc4YTRlMjRlODY0NDk4ZmVlNDMwNDZiMDhmNjY1Yw.png,202,null,1
DORITOS doritos tex-mex bolsa 150GR, 1.3,Producto de aperitivo de maíz frito con sabor a queso,http://res.cloudinary.com/dc8yintyr/image/upload/bWFzdGVyfHJvb3R8MjM5OTR8aW1hZ2UvcG5nfGhiMy9oYzEvODg0Njc3NDkyNzM5MC5wbmd8Yzg3ODQ4YzRjYmYzYmE2ZDBjMDdhMTkxMmE5MzUxZTZkNjI2MTE4Y2VmOWY0ZDJkN2YyZWMzOWVmMDI0MDU1ZA.png,203,null,1
MATUTANO 3d's queso y bacon bolsa 85GRS, 1.11,Producto de aperitivo de maíz frito con sabor a queso y bacon.,http://res.cloudinary.com/dc8yintyr/image/upload/bWFzdGVyfHJvb3R8MjMyMjJ8aW1hZ2UvcG5nfGhiNi9oYWYvODg0Njc3NTQ1MTY3OC5wbmd8YmRhZWE3ZTc0ZDE3NTcwZDcwODhiYmRkYTU4MGU3ZTgyZjIwNTE5ZmQ2MzNjODE5MzZiYTg2OTFiN2QyODQxZA.png,204,null,1
MATUTANO bocabits bolsa 84GRS, 1.11,Producto de aperitivo de trigo frito con sabor a carne.,http://res.cloudinary.com/dc8yintyr/image/upload/bWFzdGVyfHJvb3R8MjIzMzh8aW1hZ2UvcG5nfGg1MS9oMTIvODgzNTM1NTE4MTA4Ni5wbmd8OTM2YmFlMmE4YWYwYjI4NWJiMmIxZDU5MWZjMjBkNTU1ZTYzMTJmOTQ1ZDY3MjVkN2FlYWRmOGNiZDY4M2I3Zg.png,205,null,1
ISABEL atun en aceite vegetal lata 260 gr, 3.05,ATÚN EN ACEITE VEGETAL,http://res.cloudinary.com/dc8yintyr/image/upload/bWFzdGVyfHJvb3R8MjY1OTl8aW1hZ2UvcG5nfGhiMi9oNWMvODgzMjg1MDUyNjIzOC5wbmd8OTc4NWM4ZTA3MjZmNzcyNjZmOTA5MTVlYmRlMmM3OGQ3ZGIwNWJjMmE2NjEzODM2MGU3ZDY0MTUyOTg1NzMyNA.png,206,null,1
YBARRA mayonesa s/azucar tarro 450ML, 1.35,Salsa de Mesa,http://res.cloudinary.com/dc8yintyr/image/upload/bWFzdGVyfHJvb3R8MTY0MTd8aW1hZ2UvcG5nfGhmOC9oNmEvODgzNTAzMzU5NTkzNC5wbmd8Zjk5NjM5YTQxNDgwMDAzOTFmNTk2Nzg2NzgzNzNkZjhiYjVlMWI5YTVmOWVkYjgxNTdlNTkyM2YxYTBkYjVhZA.png,207,null,1
HERO DIET confitura fresa frasco 280 grs, 1.47,Confitura de fresa,http://res.cloudinary.com/dc8yintyr/image/upload/bWFzdGVyfHJvb3R8MTcxMTB8aW1hZ2UvcG5nfGg4OC9oYTEvODgzMjgyNzk4MTg1NC5wbmd8YzRkYzAwOGVkMWZhNWZiMjViYTcxODVlMWQ4MWFjOWExZjIwZjU0ODgyOTJlNDNjZmQ3MTQ0NmM1NzM1MzVmNQ.png,208,null,1
CASA TARRADELLAS pizza refrigerada de atún y bacon envase 405g, 2.64,Pizza Fresca Atún y Bacon,http://res.cloudinary.com/dc8yintyr/image/upload/bWFzdGVyfHJvb3R8MzIzNTZ8aW1hZ2UvcG5nfGg1MS9oMGIvODgzMjgyODUwNjE0Mi5wbmd8YTM0NDAwZjNkNDNjYjcxN2JkODg3M2Q5ZjJkMTFlNmVkNWQ5ZjQzNTY5MjVjMTgyZWJhYzFjZTMwZTMzZjIxNw.png,209,null,1
ISABEL mejillones en escabeche 8/12 piezas lata 69 grs, 1.65,MEJILLONES EN SALSA DE ESCABECHE,http://res.cloudinary.com/dc8yintyr/image/upload/bWFzdGVyfHJvb3R8MjEyNTV8aW1hZ2UvcG5nfGhhYS9oYWQvODgzNDY0NDExNTQ4Ni5wbmd8MmJjYWJhY2RjZDYyM2Q3MDViNjAwZDI0MzYyZTg2MDBhYjAzYWY4MDNhYjcxY2UzYzg3ZTc3ZGUwNGJhNjBiOA.png,210,null,1
RUFFLES patatas fritas onduladas jamón bolsa 170GR, 1.3,Patatas fritas onduladas con sabor a jamón,http://res.cloudinary.com/dc8yintyr/image/upload/bWFzdGVyfHJvb3R8MjM1Nzd8aW1hZ2UvcG5nfGhiMS9oNTcvODgzMzE2NjM3Njk5MC5wbmd8ZmY0MzY2MTZmNGRlNWNlZTdiYjMzMzI4ZDY2ZjdkMmNkNDI1NDA3OWVmYWRmN2Q4YzZiMWVhNmE2NWEzNzQzNw.png,211,null,1
CARRETILLA esparrago verd 15/35 FRASCO 195GR, 2.82,Espárragos verdes trigueros,http://res.cloudinary.com/dc8yintyr/image/upload/bWFzdGVyfHJvb3R8MTI0NTl8aW1hZ2UvcG5nfGhlMC9oNWYvODgzMzU1MTYzMDM2Ni5wbmd8OGY5NGIwZmI1YjkyN2IwMTg5YzFjMjA5N2ZlYWMxOWI3ZmE3MjMxNTkwYzY1ZmU5YjNjNjU2MThmZWM0ZWY1YQ.png,212,null,1
CALVO atun en aceite de oliva bajo en sal pack de 3 latas x 52 grs, 3.19,Atún claro en aceite de oliva bajo en sal,http://res.cloudinary.com/dc8yintyr/image/upload/bWFzdGVyfHJvb3R8MTIzMDR8aW1hZ2UvcG5nfGhhNS9oYzEvODgzNTQ3NzQwNTcyNi5wbmd8MTlmYjcyNDNiNzhmYThmMDlmMTI0NTEzNGU1ZTAzN2U4YjNmMGE4ZDk4MDEzOWQzYmEwZDA0ZWUxYWYwMWM5MQ.png,213,null,1
CASA TARRADELLAS pizza refrigerada 4 quesos envase 390g, 2.64,Pizza Fresca 4 Quesos,http://res.cloudinary.com/dc8yintyr/image/upload/bWFzdGVyfHJvb3R8MjkzOTJ8aW1hZ2UvcG5nfGgzMC9oYWUvODgzNDM3MjU5OTgzOC5wbmd8NDZiM2U1NGEwN2IyZmI0YWZjOWNjZDI1Y2Q3Njk1NTJjYjNmM2IzYThlZDBkYzQ4NTgxYTI3MjNhOTJmMjU0Mg.png,214,null,1
CALVO ensalada de atún mediterranea lata 130 grs, 0.89,Ensalada Mediterránea,http://res.cloudinary.com/dc8yintyr/image/upload/bWFzdGVyfHJvb3R8MjgwMzN8aW1hZ2UvcG5nfGg5My9oMjkvODg0Njc4MTc0MzEzNC5wbmd8NjFjNjViYmZlMmE0MTQ1OWIzYTVmMTE0NTA5MjY5YTBlOWQxNzA3YjNhNDg2MjE4MjcwYzlmOWQ4MzU4NTM2Mg.png,215,null,1
CALVO ensalada de atún rusa lata 130 grs, 0.89,Ensalada rusa con atún,http://res.cloudinary.com/dc8yintyr/image/upload/bWFzdGVyfHJvb3R8MjY5NTF8aW1hZ2UvcG5nfGhmNC9oMGQvODg0Njc4Mjc5MTcxMC5wbmd8ZWNhMjE0MjBmZDkyYzZjNjJmOGNkOWU4MjdmZDAwNDJhZmE5M2JhNTg3M2EzNjkyZDkxYzdmZWQ1OTdkZWRkNA.png,216,null,1
KNORR crema de verduras mediterraneas brick 500ML, 1.55,Crema de verduras y hortalizas (30%),http://res.cloudinary.com/dc8yintyr/image/upload/bWFzdGVyfHJvb3R8MjA4NDR8aW1hZ2UvcG5nfGg1OC9oNGEvODgzNDI4MjQyMjMwMi5wbmd8Y2VmYmJhNDcwN2QyN2RiODY3MzMyMjMyZGIxN2IwZTlmYzJmNWQ5MmJmMTYwOTQwZDRmZGY0YzhkNjhiMWFmYw.png,217,null,1
CASA TARRADELLAS pizza refrigerada de jamón serrano envase 390g, 2.64,Pizza Fresca Jamón Serrano,http://res.cloudinary.com/dc8yintyr/image/upload/bWFzdGVyfHJvb3R8MzA5NDd8aW1hZ2UvcG5nfGhhNy9oYTAvODgzNTAxODM5MTU4Mi5wbmd8MTU5NjljZmY1YmM5N2EwMjU2NmFkZTBhNDA0OTVjYmZkYzYwMDkwMzU2M2ZkMDNlZTZlOTQ1YjY5YTM0MzBhOA.png,218,null,1
BORGES ciruela sin hueso bolsa 200GR, 1.68,Ciruelas sin hueso,http://res.cloudinary.com/dc8yintyr/image/upload/bWFzdGVyfHJvb3R8MTYyNTF8aW1hZ2UvcG5nfGhlMC9oM2IvODgzNDczNTYwMzc0Mi5wbmd8M2RhNzRmMDVkZGQ5OWViZGY1MWI0OTRiYjgwYjBmYWRmODVlZDIyZmU5OGJjNDFhNDVkNGRkMTJkZGMwZmJmNQ.png,219,null,1
CHEETOS cheetos gustosines bolsa 80GRS, 1.05,Producto de aperitivo de maíz horneado,http://res.cloudinary.com/dc8yintyr/image/upload/bWFzdGVyfHJvb3R8MjE2NDh8aW1hZ2UvcG5nfGg3NS9oMzkvODgzNDM3MzEyNDEyNi5wbmd8NzRmZDJjMmUwMzk4YTllYTdmODYwNmNjODMyN2RlZTZiZDMyMmNiYzgxNTg2MDBhOTI4ZTY0NDJhYTkzZmZkZQ.png,220,null,1
CALVO mejillones en escabeche pack de 3 latas x 40 grs, 1.65,Mejillones en escabeche de las Rías Gallegas. Tamaño pequeño,http://res.cloudinary.com/dc8yintyr/image/upload/bWFzdGVyfHJvb3R8MTI2MDV8aW1hZ2UvcG5nfGhkMC9oZDgvODgzNTExNjU2NDUxMC5wbmd8YzAzNGFmZmQ0Y2U2YTA2YjhhYmExNDc1ZmU5NTdlMjAzMmI3Mzc2ZWEwNzI5NTY5NDEzYjc4OTUxMzRmMWVhMw.png,221,null,1
CALVO atún claro en aceite oliva virgen extra pack 3 latas x 52 gr, 3.19,Atún claro en aceite de oliva Virgen Extra,http://res.cloudinary.com/dc8yintyr/image/upload/bWFzdGVyfHJvb3R8MTI0MzF8aW1hZ2UvcG5nfGhkZC9oNTEvODgyMDA3OTI2Mzc3NC5wbmd8MWI0YzIzYjkxZTE5YzY2ZGI1NTkyMGZkZWZjYWZjMjU5YWQwYzM1YjczZGMwOTRiYmE5NTkxOTY4ZDM4NDgyYw.png,222,null,1
KNORR caldo de pescado estuche 12 pastillas, 1.45,Caldo pescado deshidratado,http://res.cloudinary.com/dc8yintyr/image/upload/bWFzdGVyfHJvb3R8MTM0OTd8aW1hZ2UvcG5nfGhkNi9oMmYvODg0NjkxNzE0MDUxMC5wbmd8NzFiM2ZjMDZmODE1MTlkNjFkNWMzZWNjOGEyYWIyNDcwNzYxOGJlNTE1MzNiODdjMjU1YjRhODdiMmZhODAzNw.png,223,null,1
CHEETOS cheetos rizos bolsa 100 gr, 1.0,Producto de aperitivo de maíz horneado con sabor a queso,http://res.cloudinary.com/dc8yintyr/image/upload/bWFzdGVyfHJvb3R8MjE3NDB8aW1hZ2UvcG5nfGhmNy9oY2UvODgzNTY2MDU0NjA3OC5wbmd8MzExN2IwYWIzYzk1YTAwY2ExNzE4YjAxZDllNjhlODRhNWI3ZTAyZGNiNjg3Mjc4NzVlMDUyYjlhYTFiZGU4NQ.png,224,null,1
CASATARRADELLAS jamón cocido finas lonchas sobre 125 gr, 1.59,Jamón cocido extra,http://res.cloudinary.com/dc8yintyr/image/upload/bWFzdGVyfHJvb3R8MjMwMjJ8aW1hZ2UvcG5nfGhlYi9oZTcvODgzNDkyMTc5MTUxOC5wbmd8NjJjM2VlMDk4ZGQ5ZWVkZDcxNjUxNDMyNGVhNmJjOWJjNWZlNGMwYzI5ZmM0NmU4NDZkYjc0OTg5MDExZTQxNQ.png,225,null,1
GALLINA BLANCA salsa pimienta verde SOBRE 59GRS, 1.41,Salsa deshidratada pimienta verde,http://res.cloudinary.com/dc8yintyr/image/upload/bWFzdGVyfHJvb3R8MjE4MjN8aW1hZ2UvcG5nfGg3ZS9oNjIvODgzMjgzMjE3NjE1OC5wbmd8NWQ2OWNlZWJhMWViYjFlMjFjYTU4ZDUxMGQyY2UxNzM5YTdmZDVlZWUyNjZmOGU4ZTY4MjIyMTYzODE4ODA4Zg.png,226,null,1
TARRADELLAS espetec extra envase 180 g, 1.85,Fuet Extra,http://res.cloudinary.com/dc8yintyr/image/upload/bWFzdGVyfHJvb3R8NTU3N3xpbWFnZS9wbmd8aGQ4L2hiMS84ODM0MzAzOTE4MTEwLnBuZ3w4OTQ0YzViZjNhNDA0OTM1OTViYTI2ODc3ZDk2ZWFmNWZjZTUyNTliMWExYmQ4YTM4NTAwYzI1NGU2NjAxZDkw.png,227,null,1
LA ASTURIANA lenteja pardina bolsa 1KG, 2.98,Lenteja Pardina,http://res.cloudinary.com/dc8yintyr/image/upload/bWFzdGVyfHJvb3R8MTg1MzV8aW1hZ2UvcG5nfGg0My9oYTgvODgzNTQ3NjM1NzE1MC5wbmd8MmE4ZWUzMGJlZWE1OTJlNmQ2ZjM5NWY4M2UwMDQ0MzIzMDA3OWQ1ZTA4ZThiMTkyZTQ2MzM1NGNmOTQ2YjNhZQ.png,228,null,1
ISABEL mejillon en escabeche pack 3 latas x 43 grs, 1.65,MEJILLONES EN SALSA DE ESCABECHE,http://res.cloudinary.com/dc8yintyr/image/upload/bWFzdGVyfHJvb3R8MTQ4Njh8aW1hZ2UvcG5nfGg1NS9oNTYvODgzNDIzMDUxNzc5MC5wbmd8YmI4NmIyYzc0OGEzZTI0MmIyYWQ0NDkzNTUzM2RmNmI3NWE0Y2RiZDkyYTA5YjkxOWMwNTJiZTNhNzM0YWNmNg.png,229,null,1
GALLINA BLANCA sopa de pollo con fideos sobre 71GRS, 0.64,Sopa de Pollo con Fideos Finos,http://res.cloudinary.com/dc8yintyr/image/upload/bWFzdGVyfHJvb3R8MjUxNTJ8aW1hZ2UvcG5nfGg5My9oOGMvODgzNDk1NTM0NTk1MC5wbmd8OWQzZjNkYTE5ZGM0ODJkN2YwMjIzMWU4OTEwY2FjNmFhZTNjMjdmNjFhZDBiNGMxNTQ2MzM2ZmZiODQyMWRjNw.png,230,null,1
HERO BABY zanahorias con ternera tarrito 235 gr, 0.99,ALIMENTO INFANTIL. ZANAHORIAS BABY DELICIAS DE TERNERA --,http://res.cloudinary.com/dc8yintyr/image/upload/bWFzdGVyfHJvb3R8MTU3MjB8aW1hZ2UvcG5nfGhkMy9oZmUvODgzMzQ5NTAwNzI2Mi5wbmd8ODRkODNlNzA3Nzg3MmFlMzkyZmIwMDc5ZGY0MjgyZDdiYWM3MTdhYWU0ZTY1NWRkYmFjMTg1Y2E2Nzg1NDBiMA.png,231,null,1
GALLINA BLANCA tallarines carbonara sobre 144GR, 1.88,Tallarines a la carbonara deshidratados,http://res.cloudinary.com/dc8yintyr/image/upload/bWFzdGVyfHJvb3R8MjU1Mzd8aW1hZ2UvcG5nfGgyNC9oYmUvODgzNTMzMzAyOTkxOC5wbmd8M2Q4MjIyZTY1ODIyODM1MDhhMWMzNWExZTNjMmNmODkzMmM3YTQ2M2FjNzEzNTBiMDM0NmE1MDI0Y2I2Yzk3OQ.png,232,null,1
HERO BABY arroz con pollo tarrito 235 gr, 0.99,ALIMENTO INFANTIL. ARROZ CON POLLO TIERNO --,http://res.cloudinary.com/dc8yintyr/image/upload/bWFzdGVyfHJvb3R8MTU2NzZ8aW1hZ2UvcG5nfGgxNi9oMzcvODgzMjc4NTUxNDUyNi5wbmd8NzAyYmExZTBhOWYyMzcwNTc4ZTYwODUxYjA2NjIzNTY0NWUwYzAyNDY3NWRlYTNjY2UzYTZjOGQ0NTY0YmIzMQ.png,233,null,1
DR OETKER pannini jamón y queso pack 2 uds 250 gr, 2.63,2 Baguettes Jamón y Queso,http://res.cloudinary.com/dc8yintyr/image/upload/bWFzdGVyfHJvb3R8MjI3NjJ8aW1hZ2UvcG5nfGg2My9oZDUvODgzNDAwODU0NzM1OC5wbmd8OGRhMjA3YjIwNzcyOGZkMGYwM2VkMmI1OWJlNWRjNjNmOWEyMGJhMDc4YjA2ZmRkODFmMzUyNTU2YjA3NzliYQ.png,234,null,1
YBARRA salsa gaucha FRASCO 225ML, 1.0,Salsa de Mesa,http://res.cloudinary.com/dc8yintyr/image/upload/bWFzdGVyfHJvb3R8MTYwNjV8aW1hZ2UvcG5nfGg2YS9oMTcvODgzNDYxMjU5MjY3MC5wbmd8ODg5ODZhMzdiNTI5NDBiZDRhZjQxM2U0YzUyZDJhM2I0ODFlMGQyMGNhY2EyNjQwYTJlOGU0NTk5NzA3OGE0Mw.png,235,null,1
GALLINA BLANCA spaghetti 3 quesos sobre 174GR, 1.88,Spaghetti 3 quesos deshidratados,http://res.cloudinary.com/dc8yintyr/image/upload/bWFzdGVyfHJvb3R8MjI2NDh8aW1hZ2UvcG5nfGg3Yy9oZGQvODgzMzE5MDE2NjU1OC5wbmd8NGQ0MjgyZjQzOGRjMTAxZTkzM2I4NzlkMjExNTgxZDI3MmE4YTE5NTQzNTc4N2E0YWJhNzExMTc4NGE4OTBhZA.png,236,null,1
RUFFLES patatas fritas onduladas original bolsa 170GR, 1.09,Patatas fritas,http://res.cloudinary.com/dc8yintyr/image/upload/bWFzdGVyfHJvb3R8MjE2MzR8aW1hZ2UvcG5nfGgwZi9oYjYvODgzMzE2NjkwMTI3OC5wbmd8MzY3MTc5NTQ5YTVlZTZmM2RhMzFmM2M3NTM5M2ZhNzZmMjc4YTRlMjRlODY0NDk4ZmVlNDMwNDZiMDhmNjY1Yw.png,237,null,1
DORITOS doritos tex-mex bolsa 150GR, 1.3,Producto de aperitivo de maíz frito con sabor a queso,http://res.cloudinary.com/dc8yintyr/image/upload/bWFzdGVyfHJvb3R8MjM5OTR8aW1hZ2UvcG5nfGhiMy9oYzEvODg0Njc3NDkyNzM5MC5wbmd8Yzg3ODQ4YzRjYmYzYmE2ZDBjMDdhMTkxMmE5MzUxZTZkNjI2MTE4Y2VmOWY0ZDJkN2YyZWMzOWVmMDI0MDU1ZA.png,238,null,1
MATUTANO 3d's queso y bacon bolsa 85GRS, 1.11,Producto de aperitivo de maíz frito con sabor a queso y bacon.,http://res.cloudinary.com/dc8yintyr/image/upload/bWFzdGVyfHJvb3R8MjMyMjJ8aW1hZ2UvcG5nfGhiNi9oYWYvODg0Njc3NTQ1MTY3OC5wbmd8YmRhZWE3ZTc0ZDE3NTcwZDcwODhiYmRkYTU4MGU3ZTgyZjIwNTE5ZmQ2MzNjODE5MzZiYTg2OTFiN2QyODQxZA.png,239,null,1
MATUTANO bocabits bolsa 84GRS, 1.11,Producto de aperitivo de trigo frito con sabor a carne.,http://res.cloudinary.com/dc8yintyr/image/upload/bWFzdGVyfHJvb3R8MjIzMzh8aW1hZ2UvcG5nfGg1MS9oMTIvODgzNTM1NTE4MTA4Ni5wbmd8OTM2YmFlMmE4YWYwYjI4NWJiMmIxZDU5MWZjMjBkNTU1ZTYzMTJmOTQ1ZDY3MjVkN2FlYWRmOGNiZDY4M2I3Zg.png,240,null,1
ISABEL atun en aceite vegetal lata 260 gr, 3.05,ATÚN EN ACEITE VEGETAL,http://res.cloudinary.com/dc8yintyr/image/upload/bWFzdGVyfHJvb3R8MjY1OTl8aW1hZ2UvcG5nfGhiMi9oNWMvODgzMjg1MDUyNjIzOC5wbmd8OTc4NWM4ZTA3MjZmNzcyNjZmOTA5MTVlYmRlMmM3OGQ3ZGIwNWJjMmE2NjEzODM2MGU3ZDY0MTUyOTg1NzMyNA.png,241,null,1
YBARRA mayonesa s/azucar tarro 450ML, 1.35,Salsa de Mesa,http://res.cloudinary.com/dc8yintyr/image/upload/bWFzdGVyfHJvb3R8MTY0MTd8aW1hZ2UvcG5nfGhmOC9oNmEvODgzNTAzMzU5NTkzNC5wbmd8Zjk5NjM5YTQxNDgwMDAzOTFmNTk2Nzg2NzgzNzNkZjhiYjVlMWI5YTVmOWVkYjgxNTdlNTkyM2YxYTBkYjVhZA.png,242,null,1
HERO BABY frutas variadas tarrito 235 gr, 0.99,TARRITO INFANTIL. FRUTAS VARIADAS,http://res.cloudinary.com/dc8yintyr/image/upload/bWFzdGVyfHJvb3R8MTU1NjN8aW1hZ2UvcG5nfGhmOC9oM2IvODgzNTMzMTQ1NzA1NC5wbmd8YTE4M2FmZDIzMWJlYWIzZTc5ZTkwMzBhYjUzOTI0YmFlZmIxMGMyZWFhZTFiYjZmY2I4NWM2NDA1NGJmZWYxMw.png,243,null,1
HERO DIET confitura fresa frasco 280 grs, 1.47,Confitura de fresa,http://res.cloudinary.com/dc8yintyr/image/upload/bWFzdGVyfHJvb3R8MTcxMTB8aW1hZ2UvcG5nfGg4OC9oYTEvODgzMjgyNzk4MTg1NC5wbmd8YzRkYzAwOGVkMWZhNWZiMjViYTcxODVlMWQ4MWFjOWExZjIwZjU0ODgyOTJlNDNjZmQ3MTQ0NmM1NzM1MzVmNQ.png,244,null,1
CASA TARRADELLAS pizza refrigerada de atún y bacon envase 405g, 2.64,Pizza Fresca Atún y Bacon,http://res.cloudinary.com/dc8yintyr/image/upload/bWFzdGVyfHJvb3R8MzIzNTZ8aW1hZ2UvcG5nfGg1MS9oMGIvODgzMjgyODUwNjE0Mi5wbmd8YTM0NDAwZjNkNDNjYjcxN2JkODg3M2Q5ZjJkMTFlNmVkNWQ5ZjQzNTY5MjVjMTgyZWJhYzFjZTMwZTMzZjIxNw.png,245,null,1
ISABEL mejillones en escabeche 8/12 piezas lata 69 grs, 1.65,MEJILLONES EN SALSA DE ESCABECHE,http://res.cloudinary.com/dc8yintyr/image/upload/bWFzdGVyfHJvb3R8MjEyNTV8aW1hZ2UvcG5nfGhhYS9oYWQvODgzNDY0NDExNTQ4Ni5wbmd8MmJjYWJhY2RjZDYyM2Q3MDViNjAwZDI0MzYyZTg2MDBhYjAzYWY4MDNhYjcxY2UzYzg3ZTc3ZGUwNGJhNjBiOA.png,246,null,1
RUFFLES patatas fritas onduladas jamón bolsa 170GR, 1.3,Patatas fritas onduladas con sabor a jamón,http://res.cloudinary.com/dc8yintyr/image/upload/bWFzdGVyfHJvb3R8MjM1Nzd8aW1hZ2UvcG5nfGhiMS9oNTcvODgzMzE2NjM3Njk5MC5wbmd8ZmY0MzY2MTZmNGRlNWNlZTdiYjMzMzI4ZDY2ZjdkMmNkNDI1NDA3OWVmYWRmN2Q4YzZiMWVhNmE2NWEzNzQzNw.png,247,null,1
CARRETILLA esparrago verd 15/35 FRASCO 195GR, 2.82,Espárragos verdes trigueros,http://res.cloudinary.com/dc8yintyr/image/upload/bWFzdGVyfHJvb3R8MTI0NTl8aW1hZ2UvcG5nfGhlMC9oNWYvODgzMzU1MTYzMDM2Ni5wbmd8OGY5NGIwZmI1YjkyN2IwMTg5YzFjMjA5N2ZlYWMxOWI3ZmE3MjMxNTkwYzY1ZmU5YjNjNjU2MThmZWM0ZWY1YQ.png,248,null,1
CALVO atun en aceite de oliva bajo en sal pack de 3 latas x 52 grs, 3.19,Atún claro en aceite de oliva bajo en sal,http://res.cloudinary.com/dc8yintyr/image/upload/bWFzdGVyfHJvb3R8MTIzMDR8aW1hZ2UvcG5nfGhhNS9oYzEvODgzNTQ3NzQwNTcyNi5wbmd8MTlmYjcyNDNiNzhmYThmMDlmMTI0NTEzNGU1ZTAzN2U4YjNmMGE4ZDk4MDEzOWQzYmEwZDA0ZWUxYWYwMWM5MQ.png,249,null,1
CASA TARRADELLAS pizza refrigerada 4 quesos envase 390g, 2.64,Pizza Fresca 4 Quesos,http://res.cloudinary.com/dc8yintyr/image/upload/bWFzdGVyfHJvb3R8MjkzOTJ8aW1hZ2UvcG5nfGgzMC9oYWUvODgzNDM3MjU5OTgzOC5wbmd8NDZiM2U1NGEwN2IyZmI0YWZjOWNjZDI1Y2Q3Njk1NTJjYjNmM2IzYThlZDBkYzQ4NTgxYTI3MjNhOTJmMjU0Mg.png,250,null,1
CALVO ensalada de atún mediterranea lata 130 grs, 0.89,Ensalada Mediterránea,http://res.cloudinary.com/dc8yintyr/image/upload/bWFzdGVyfHJvb3R8MjgwMzN8aW1hZ2UvcG5nfGg5My9oMjkvODg0Njc4MTc0MzEzNC5wbmd8NjFjNjViYmZlMmE0MTQ1OWIzYTVmMTE0NTA5MjY5YTBlOWQxNzA3YjNhNDg2MjE4MjcwYzlmOWQ4MzU4NTM2Mg.png,251,null,1
HERO BABY plátano  mandarina y pera tarrito 235 gr, 0.99,ALIMENTO INFANTIL. PLAT.MAND. PERA WILLIAMS,http://res.cloudinary.com/dc8yintyr/image/upload/bWFzdGVyfHJvb3R8MTU2NDd8aW1hZ2UvcG5nfGg3Zi9oODUvODgzMzE3MjE0NDE1OC5wbmd8NmZmYzIzOTY1MGZmOTU1YmZlMWM2OTBkYWM2NjdhODc0YWRlOGIyZGU5M2YyNzRjYzA3MWZkZmQxODA5ODgwYw.png,252,null,1
CALVO ensalada de atún rusa lata 130 grs, 0.89,Ensalada rusa con atún,http://res.cloudinary.com/dc8yintyr/image/upload/bWFzdGVyfHJvb3R8MjY5NTF8aW1hZ2UvcG5nfGhmNC9oMGQvODg0Njc4Mjc5MTcxMC5wbmd8ZWNhMjE0MjBmZDkyYzZjNjJmOGNkOWU4MjdmZDAwNDJhZmE5M2JhNTg3M2EzNjkyZDkxYzdmZWQ1OTdkZWRkNA.png,253,null,1
KNORR crema de verduras mediterraneas brick 500ML, 1.55,Crema de verduras y hortalizas (30%),http://res.cloudinary.com/dc8yintyr/image/upload/bWFzdGVyfHJvb3R8MjA4NDR8aW1hZ2UvcG5nfGg1OC9oNGEvODgzNDI4MjQyMjMwMi5wbmd8Y2VmYmJhNDcwN2QyN2RiODY3MzMyMjMyZGIxN2IwZTlmYzJmNWQ5MmJmMTYwOTQwZDRmZGY0YzhkNjhiMWFmYw.png,254,null,1
CASA TARRADELLAS pizza refrigerada de jamón serrano envase 390g, 2.64,Pizza Fresca Jamón Serrano,http://res.cloudinary.com/dc8yintyr/image/upload/bWFzdGVyfHJvb3R8MzA5NDd8aW1hZ2UvcG5nfGhhNy9oYTAvODgzNTAxODM5MTU4Mi5wbmd8MTU5NjljZmY1YmM5N2EwMjU2NmFkZTBhNDA0OTVjYmZkYzYwMDkwMzU2M2ZkMDNlZTZlOTQ1YjY5YTM0MzBhOA.png,255,null,1
BORGES ciruela sin hueso bolsa 200GR, 1.68,Ciruelas sin hueso,http://res.cloudinary.com/dc8yintyr/image/upload/bWFzdGVyfHJvb3R8MTYyNTF8aW1hZ2UvcG5nfGhlMC9oM2IvODgzNDczNTYwMzc0Mi5wbmd8M2RhNzRmMDVkZGQ5OWViZGY1MWI0OTRiYjgwYjBmYWRmODVlZDIyZmU5OGJjNDFhNDVkNGRkMTJkZGMwZmJmNQ.png,256,null,1
HERO BABY verduritas con merluza tarrito 235 gr, 0.99,ALIMENTO INFANTIL. VERDURAS AL VAPOR CON MERLUZA .,http://res.cloudinary.com/dc8yintyr/image/upload/bWFzdGVyfHJvb3R8MTYxMjh8aW1hZ2UvcG5nfGg5MC9oYWQvODgzNDczNjEyODAzMC5wbmd8ZWFmZmExZTQ5MWJjOTE2ZTc1YjdhYmQ4MjEzYjUxODY2ZGVmOWZhYTZkNzRhODU1NzY5ZTdhNzVhMzUyNzZmYQ.png,257,null,1
HERO BABY selección de tres frutas tarrito 235 gr, 0.99,ALIMENTO INFANTIL. SELECCION DE TRES FRUT.BABY TR.,http://res.cloudinary.com/dc8yintyr/image/upload/bWFzdGVyfHJvb3R8MTU1MTZ8aW1hZ2UvcG5nfGgwNC9oNWUvODgzMzI5MjkyNzAwNi5wbmd8ZjU1YWQzNjkyYjI1N2QxYWRjMmExZTFkMDk0ZDk3OTBiYWE4NzRjZjNmOWQ1NWNlMzg2Yzg2ZjM5MWJmY2RmOQ.png,258,null,1
CHEETOS cheetos gustosines bolsa 80GRS, 1.05,Producto de aperitivo de maíz horneado,http://res.cloudinary.com/dc8yintyr/image/upload/bWFzdGVyfHJvb3R8MjE2NDh8aW1hZ2UvcG5nfGg3NS9oMzkvODgzNDM3MzEyNDEyNi5wbmd8NzRmZDJjMmUwMzk4YTllYTdmODYwNmNjODMyN2RlZTZiZDMyMmNiYzgxNTg2MDBhOTI4ZTY0NDJhYTkzZmZkZQ.png,259,null,1
CALVO mejillones en escabeche pack de 3 latas x 40 grs, 1.65,Mejillones en escabeche de las Rías Gallegas. Tamaño pequeño,http://res.cloudinary.com/dc8yintyr/image/upload/bWFzdGVyfHJvb3R8MTI2MDV8aW1hZ2UvcG5nfGhkMC9oZDgvODgzNTExNjU2NDUxMC5wbmd8YzAzNGFmZmQ0Y2U2YTA2YjhhYmExNDc1ZmU5NTdlMjAzMmI3Mzc2ZWEwNzI5NTY5NDEzYjc4OTUxMzRmMWVhMw.png,260,null,1
HERO BABY nutrasense leche 1 bote 800 gr, 10.25,LECHE PARA LACTANTES,http://res.cloudinary.com/dc8yintyr/image/upload/bWFzdGVyfHJvb3R8MTg4Njh8aW1hZ2UvcG5nfGhmNi9oOTMvODgyMDYyMjYyMjc1MC5wbmd8YjQxMTExMDViYzliMTY3ODQyMTkyODBlMjU4MjliNzkwZDhmNzNjNTQxNGQ4ZjA1ZTIyOTA5MTM5Mjc3NGU4Yw.png,261,null,1
HERO BABY nutrasense leche 2 bote 800 gr, 9.95,LECHE DE CONTINUACIÓN,http://res.cloudinary.com/dc8yintyr/image/upload/bWFzdGVyfHJvb3R8MjAwOTF8aW1hZ2UvcG5nfGgyNC9oZWIvODgxODMzOTU0NTExOC5wbmd8Njk4OGQxZWIwNzhlM2Y0N2E2YjBlZDRiYzVmZDgxNTY5ODA4NDA1YzEzZTlmNDVkNTM3MDE0MDM0N2Y2ZDljYQ.png,262,null,1
CALVO atún claro en aceite oliva virgen extra pack 3 latas x 52 gr, 3.19,Atún claro en aceite de oliva Virgen Extra,http://res.cloudinary.com/dc8yintyr/image/upload/bWFzdGVyfHJvb3R8MTI0MzF8aW1hZ2UvcG5nfGhkZC9oNTEvODgyMDA3OTI2Mzc3NC5wbmd8MWI0YzIzYjkxZTE5YzY2ZGI1NTkyMGZkZWZjYWZjMjU5YWQwYzM1YjczZGMwOTRiYmE5NTkxOTY4ZDM4NDgyYw.png,263,null,1
KNORR caldo de pescado estuche 12 pastillas, 1.45,Caldo pescado deshidratado,http://res.cloudinary.com/dc8yintyr/image/upload/bWFzdGVyfHJvb3R8MTM0OTd8aW1hZ2UvcG5nfGhkNi9oMmYvODg0NjkxNzE0MDUxMC5wbmd8NzFiM2ZjMDZmODE1MTlkNjFkNWMzZWNjOGEyYWIyNDcwNzYxOGJlNTE1MzNiODdjMjU1YjRhODdiMmZhODAzNw.png,264,null,1
GALLINA BLANCA YAKISOBA fideos orientales pollo vaso 93 gr, 1.59,Fideos orientales con verduras  pollo deshidratado y salsa de soja con especias,http://res.cloudinary.com/dc8yintyr/image/upload/bWFzdGVyfHJvb3R8MTg1MDF8aW1hZ2UvcG5nfGhhYS9oZWMvODgyMDEyMTc5NjYzOC5wbmd8MmQyNmVkZGFjMzA5MzU0MDJhNDk0MjdlMGRjNmJhZDJhMTZhZWVkZmZmNGZlOTI2ZDRkZWI1ODJlMGNiZGJlNQ.png,265,null,1
HERO maridaje del chef mermelada pimiento asado frasco 215 grs, 1.75,Mermelada de pimiento rojo asado,http://res.cloudinary.com/dc8yintyr/image/upload/bWFzdGVyfHJvb3R8MjM1NzJ8aW1hZ2UvcG5nfGhkNC9oMDUvODgxODM4NTY4MjQ2Mi5wbmd8NTVhZTE4MzJlZGQ5MzhmNWExYjA5YzZjYTQ2ZDk5ODY5NDg4NWRjZmI4ODg4NTFkMjQwNmFlMTg3MmJiYmMxNg.png,266,null,1
GALLINA BLANCA YAKISOBA fideos orientales vaso 93 gr, 1.59,Fideos orientales con verduras deshidratadas y salsa de soja con especias,http://res.cloudinary.com/dc8yintyr/image/upload/bWFzdGVyfHJvb3R8MjAwMzF8aW1hZ2UvcG5nfGg0Ny9oNjQvODgxOTA5NDM1NTk5OC5wbmd8NDg2NjFlNDA0YmQ4OWE2MTkwNzBmODM0M2QwN2NhNWRjODc1MTRhMzE3YjI5NjUzMThlZTliNWVkMDc5YjE3ZA.png,267,null,1
CALVO sardinillas en aceite de oliva baja en sal lata 60 g, 1.19,Sardinilla en aceite de oliva baja en sal,http://res.cloudinary.com/dc8yintyr/image/upload/bWFzdGVyfHJvb3R8MTk2ODl8aW1hZ2UvcG5nfGgzZi9oZGIvODgyMDUxMTI3NzA4Ni5wbmd8M2Q0MWIxZGQ0ZDkzNGNlZjY1NDUxOTY5ZTAyMGNhNTJlYTJiNDY4Y2ZjNDlkYjg4ODBmNmM3Mjg5MWZmYjVhOQ.png,268,null,1
BUITONI masa pizza finissima rollo 260 gr, 2.13,Masa para Pizza.Comida preparada refrigerada.,http://res.cloudinary.com/dc8yintyr/image/upload/bWFzdGVyfHJvb3R8ODU2MnxpbWFnZS9wbmd8aDc2L2g5Yi84ODE2MDUwMzA3MTAyLnBuZ3xiOGVlNGJkY2Y4YmUzMjI5ZDEyODkwNWZiOTQ1ZWRlYjVlZTE4Mjc3NjM1ZTVkNjBkZDRiMTJiYzYwM2ZlMDM4.png,269,null,1
GALLINA BLANCA avecrem caldo de carne -30% sal estuche 10 pastillas, 1.72,Caldo deshidratado de carne con 30% - sal,http://res.cloudinary.com/dc8yintyr/image/upload/bWFzdGVyfHJvb3R8MTUxNTB8aW1hZ2UvcG5nfGgzMi9oNTgvODgzMzA3MzA1MzcyNi5wbmd8ZTZmOTRlZTEzMDZlYjQzNWUyN2VlOTk3Yjk2YzA3ZGQ3YzA2NjRiMjQ5NGI3NDVjY2I2NzgwMDAwMzAxOGU2OA.png,270,null,1
ASTURIANA leche entera botella 2 2 lt, 1.79,Leche UHT entera,http://res.cloudinary.com/dc8yintyr/image/upload/bWFzdGVyfHJvb3R8ODUyM3xpbWFnZS9wbmd8aDFjL2g2Zi84ODMwNjIwNjMxMDcwLnBuZ3wzNDYxNjM1ODRiMzIyMmVkMDAyY2E3MzVkN2MxYTcxNjJmNGRhOTcxNWU0OGRlN2RmZDRmNjdmZjgzM2UxZDgw.png,271,null,1
FAIRY lavavajillas maquina fresh caja 39 pastillas, 6.99,,http://res.cloudinary.com/dc8yintyr/image/upload/bWFzdGVyfHJvb3R8MjM4NDN8aW1hZ2UvcG5nfGgzMy9oZGIvODgyNzA0ODg4NjMwMi5wbmd8MjJhOWNjYWEwM2FhOWNiNzk1ZjJhNmYxZjBlZTQxYmQyZTI5MjE3YjMwMzBkMjk0MTg1MzY5ZGFkMGVkNmE0Nw.png,272,null,1
FAIRY fresh lavavajillas mano concentrado naranja botella 383 ml, 1.57,,http://res.cloudinary.com/dc8yintyr/image/upload/bWFzdGVyfHJvb3R8MTI4MTB8aW1hZ2UvcG5nfGhhZi9oNmUvODgxNjA1MTg3OTk2Ni5wbmd8YTczNDU5ZjIxODJjNTMwYjE2MzkyNzhkNzQ5NGJmNzJlZTg2MmIxZDVlNmFhYjhlOGJiZDdjOTY0MGJiMzBhYg.png,273,null,1
DON LIMPIO limpiador multiusos básico aroma limón botella 1.3 lt, 2.04,,http://res.cloudinary.com/dc8yintyr/image/upload/bWFzdGVyfHJvb3R8MTA1MzN8aW1hZ2UvcG5nfGg1Ny9oNjkvODgzNDgwNTkyMzg3MC5wbmd8YzE2MTQ5NTdmYjBlOGFmNDUwOTVjZjNjOWExMmJiMzlmZTJiZjRmMDMzOTdhMzkyNTBmYjZjZjM1ZGM2MDUyOA.png,274,null,1
AMBIPUR ambientador eliminador de olores frescor spray 300 ml, 3.58,,http://res.cloudinary.com/dc8yintyr/image/upload/bWFzdGVyfHJvb3R8NzQ3MnxpbWFnZS9wbmd8aDZhL2g3NS84ODMyOTgyMzUxOTAyLnBuZ3xlZTc2NTY2NTM0YjZkMjg1OWY2NzMzZTkwOTM0Y2E4OWNiN2E2MWM5YjBiN2RhOTdiMjkxYjJhMjZiODdhZmVj.png,275,null,1
FAIRY lavavajillas mano concentrado botella 900 ml, 2.85,,http://res.cloudinary.com/dc8yintyr/image/upload/bWFzdGVyfHJvb3R8MTIwNjN8aW1hZ2UvcG5nfGg2Yy9oNzEvODgzNDEyMzQzMTk2Ni5wbmd8MTk4MzE1YjIxM2YyZmJiZmU1ZmI3ODJjNmNlYmRjMzY5NWY0YjhhOGQ0MWJiNDI5NzQ5NTc2YTk2ODFjMTZlYg.png,276,null,1
FINISH lavavajillas máquina classic caja 57 pastillas, 9.59,,http://res.cloudinary.com/dc8yintyr/image/upload/bWFzdGVyfHJvb3R8Mjc1NjR8aW1hZ2UvcG5nfGgyYi9oOTYvODgzMzA0ODkzNjQ3OC5wbmd8ODY2NjZiMWE1MWIxMDgzMTQwZTcxYzZiOWY1NjgzZTJkYTY5M2ZjNzI3ZjE3YzRlYzg4MjkzZDE3MmVjMzBkNw.png,277,null,1
ARIEL Actilift detergente máquina en polvo maleta 29 + 2 cacitos, 8.79,,http://res.cloudinary.com/dc8yintyr/image/upload/bWFzdGVyfHJvb3R8MjY2NjV8aW1hZ2UvcG5nfGhjMi9oZTgvODgzMzE2MDYwOTgyMi5wbmd8NzdkM2Q5ZjY5YWRmODNhMWJkNWZmOTBiZWZiOWY2NTBiMWI0MDJlZGZkM2Y0YTgxYTQ0NTRkYmM3MmYzNjIwNQ.png,278,null,1
AMBIPUR ambientador eliminador de olores algodón spray 300 ml, 3.58,,http://res.cloudinary.com/dc8yintyr/image/upload/bWFzdGVyfHJvb3R8NzUzNHxpbWFnZS9wbmd8aDc2L2g2Yi84ODQ2Nzk1Mzc0NjIyLnBuZ3xhMjJlN2MzZTI4NzAwNDY3ZDU0NDRlMjQ4YzM4MDcyZGM5MjljYmU3MTk4NTM2MjJlNWJkYjA4MzllNTM4OTM3.png,279,null,1
AMBIPUR ambientador de coche aqua aparato + recambio 1 ud, 4.9,,http://res.cloudinary.com/dc8yintyr/image/upload/bWFzdGVyfHJvb3R8MTg4ODB8aW1hZ2UvcG5nfGgzYS9oMGMvODgzNTIzNjc1NzUzNC5wbmd8MDgyZmQ4MGMyNjM3YjExNmJiYjBmMGExOTE1OGJhZGIwMzdiYjg2ZTM2NzM4NjdiOWE3YTZjZTkyNjc2NWVlZQ.png,280,null,1
FINISH limpiador para máquina lavavajillas botella 250 ml, 5.12,,http://res.cloudinary.com/dc8yintyr/image/upload/bWFzdGVyfHJvb3R8MjA5NTF8aW1hZ2UvcG5nfGg2ZS9oNDAvODgzMzY4NDkzMDU5MC5wbmd8NzljMjExMmY3YTM2ZmU1ZjUzOTZhOWMzMzhmOTQ2ZThhOTgzNDIzNzgwNDY3ZTZlNjNmMGRmM2I1NWQ5OGZlMw.png,281,null,1
AMBIPUR ambientador electrico elegance recambio 1 ud, 3.19,,http://res.cloudinary.com/dc8yintyr/image/upload/bWFzdGVyfHJvb3R8MTQ0MDh8aW1hZ2UvcG5nfGg3NC9oOTUvODgzMzQyMjc1MzgyMi5wbmd8NjJjMWQ4ZjI0OTRiNjNkM2ZhY2JmZGQ2NGFlMjk4M2FmYzg3YTc3OTljNjUxMDcyZTg3ZmJiN2M5NjliYTI5NA.png,282,null,1
SKIP detergente máquina polvo maleta 35 cacitos, 8.15,,http://res.cloudinary.com/dc8yintyr/image/upload/bWFzdGVyfHJvb3R8MjQ3OTN8aW1hZ2UvcG5nfGg2OS9oYjAvODgzNTYzODc1NTM1OC5wbmd8NmY2ZTgxMWEzMmE5Yjk4MmQ4ZWFiYWJlNjhlODRhZjEzNThiMGNmNmVjMzBiOTQwNzJlYTZhOWQzZDM3MDk3NA.png,283,null,1
GLADE BY BRISE ambientador sense&spray lavanda aparato 1 ud, 5.12,,http://res.cloudinary.com/dc8yintyr/image/upload/bWFzdGVyfHJvb3R8MTk0ODR8aW1hZ2UvcG5nfGg4Ny9oZjgvODgzNDQ4MTc4MjgxNC5wbmd8YTUzMTMyOTEwNjU4ZmMzMWIzOGU5OWIwZWQ5Y2JjMWQ1ZTMzOGMyN2I5MTg0YWZlYzY3YmQ4MDU5M2YxMTdiZQ.png,284,null,1
DON LIMPIO limpiador baño botella 1.3 lt, 2.45,,http://res.cloudinary.com/dc8yintyr/image/upload/bWFzdGVyfHJvb3R8OTc1N3xpbWFnZS9wbmd8aGZkL2hjZi84ODM1MTA4NzAwMTkwLnBuZ3w4NzU4OWE2Mzg1NDE1ZWJiOGI2ODVlMjM4ZTY2ZGZhZGYyNGM4ZTJlYjBjODg4MDI2NzNiYzdhZDkwMWI5NjRk.png,285,null,1
SOMAT lavavajillas máquina multi 5 todo en 1 caja 34 pastillas, 6.14,,http://res.cloudinary.com/dc8yintyr/image/upload/bWFzdGVyfHJvb3R8MjQ0NDF8aW1hZ2UvcG5nfGgwYy9oNjYvODgzNTYyNDUzNDA0Ni5wbmd8NDIwMmJiZGM1ZDM3NTJkZDg3MjY4OWI5MGU3Njc3MmI0NGQ2NzA1M2I4OTFjYTgyYjIyZGMzNTIzNmE2ODJlYw.png,286,null,1
GLADE BY BRISE ambientador eléctrico lavanda/jazmín aparato + recambio 1 ud, 4.09,,http://res.cloudinary.com/dc8yintyr/image/upload/bWFzdGVyfHJvb3R8MjAyMjN8aW1hZ2UvcG5nfGg1ZS9oYjcvODgzNDg1MzEwOTc5MC5wbmd8NTFlNTAxMDg4NTQ0ZWYxNTU5ZDZlODYzY2RiN2Q5ZjY3MmM1ZDA0OTNhMzIyZWJhNTI2NjkxNzQ4M2VkNzUyYg.png,287,null,1
AMBIPUR ambientador eléctrico tatami japones recambio 1 ud, 3.19,,http://res.cloudinary.com/dc8yintyr/image/upload/bWFzdGVyfHJvb3R8MTU3MDB8aW1hZ2UvcG5nfGg4Ny9oNjEvODgzMzc4NTA2OTU5OC5wbmd8OTBhN2YxODg2Yzk3NjhkYjc3MzQxMzM5NTI2Y2Y4YzQ5NDgyM2NlMDUwNTkyNGQwNmEwYjA0MDMyOGE4Njc5Yg.png,288,null,1
GLADE BY BRISE sense&spray lavanda/jazmín recambio de amb eléctrico 1 ud, 4.3,,http://res.cloudinary.com/dc8yintyr/image/upload/bWFzdGVyfHJvb3R8MTQwMDR8aW1hZ2UvcG5nfGg5Yi9oN2YvODgzMzgwNDk5MjU0Mi5wbmd8NDU5NGU4ZjljNGEyZTBkNWRkYzMzMzY2ZGJlNzA0Y2IzNjMyN2Y2ZGNhZTVkNWU1MTgzOTA1M2VmZDk3YTdhNA.png,289,null,1
AMBIPUR ambientador eliminador de olores brisa marina spray 300 ml, 3.58,,http://res.cloudinary.com/dc8yintyr/image/upload/bWFzdGVyfHJvb3R8ODA1NXxpbWFnZS9wbmd8aDY5L2gzYy84ODQ2ODY5ODg5MDU0LnBuZ3xlNDUyOWQ2ZGRhZDk5MDhjYTExZWU0NWFjN2Y4YjAzMmQxMjkwYmUwMTg3MDhjNzY4ZThiNzkxYmZkOWJhMDBl.png,290,null,1
ARIEL SENSACIONES detergente máquina líquido concentrado botella 27 lv, 9.2,,http://res.cloudinary.com/dc8yintyr/image/upload/bWFzdGVyfHJvb3R8MTI0ODl8aW1hZ2UvcG5nfGg1MC9oNGQvODgzNTYxMDkwMjU1OC5wbmd8ZDc4ZjBhNmJjM2IzMWFhY2I4MDY3YjUyZmVkZGYxYTAzODA1NGMyZDRhOWVlN2UwOTY3MmRkNzBiMzM2OGRiNQ.png,291,null,1
GLADE BY BRISE ambientador eléctrico discreet lavanda&jazmín recambio 1 ud, 3.07,,http://res.cloudinary.com/dc8yintyr/image/upload/bWFzdGVyfHJvb3R8MTczNjd8aW1hZ2UvcG5nfGg0Mi9oZmUvODgzNTYwMzU2MjUyNi5wbmd8MGVkZmYzM2Q3N2M4ZGI3NjhmNzI1M2IwYTYzYmUzOWQ3OTcyYjY5MTliYjQzOTljNjZlMTQ2MzU3N2Y2NTAyZQ.png,292,null,1
ARIEL detergente máquina líquido concentrado con actilift botella 31 lv, 8.99,,http://res.cloudinary.com/dc8yintyr/image/upload/bWFzdGVyfHJvb3R8MTI3OTV8aW1hZ2UvcG5nfGg5YS9oZmYvODgzMzc3NzIwNTI3OC5wbmd8MjdiNGJmMzg1OWJkOGUzOTJhMDA2MWI2MjNhMjRiZDFkMzEwMjcyNDllY2M5ZjQ0MWEzNDE4YmRjMWVhZGMxZA.png,293,null,1
FINISH ambientador para máquina lavavajillas aroma limón-lima paquete 1 ud, 3.07,,http://res.cloudinary.com/dc8yintyr/image/upload/bWFzdGVyfHJvb3R8MTY5MjN8aW1hZ2UvcG5nfGg5Yy9oNDYvODgzMzkyNDY2MTI3OC5wbmd8MzQ4OTUwOGJkNGI0NDFhNzZiODYxNWY3ZmQ4MTdlMDcyYmI5OGRmNjgyNDQyOTA4M2IxOWNmMGM2NmQ4YmY1YQ.png,294,null,1
AMBIPUR ambientador coche fresco 1 ud, 2.99,,http://res.cloudinary.com/dc8yintyr/image/upload/bWFzdGVyfHJvb3R8MTQ1MzJ8aW1hZ2UvcG5nfGgyZS9oNDEvODgxOTM5OTQ5MTYxNC5wbmd8MWEzYTkzODg1YTlkNzJmZmVhMzQ3ZjExMjU0ZTg1OGM2MWFmMmQ3NmRmZTM1NGI5ZTZmNmJjN2IwNzgyNmRkMQ.png,295,null,1
GLADE BY BRISE ambientador eléctrico discreet relax zen recambio 1 ud, 2.99,,http://res.cloudinary.com/dc8yintyr/image/upload/bWFzdGVyfHJvb3R8MTY1NjR8aW1hZ2UvcG5nfGgxNC9oZmUvODgxOTAyNzI3OTkwMi5wbmd8OTFjY2YxNGQ2NGE4ZWM3OWYzMTI4OWMzZDU5OGViMGMxOTQwYTg2NDhjNGI0MTU0OTcwMDcyMGMwMDJhMDEzYg.png,296,null,1
FINISH lavavajillas máquina todo en uno max bolsa 25 + 10 uds, 7.49,,http://res.cloudinary.com/dc8yintyr/image/upload/bWFzdGVyfHJvb3R8MjQ3NDN8aW1hZ2UvcG5nfGg5Ny9oOTcvODgzNjA1NDc3Nzg4Ni5wbmd8N2NlMWY3MGJhOWZiMzA2MDczZDMzMDU3ZmQ2NTg2OTVhNGNhZGRjNjYwN2VhMDljZjc1Y2VmNTZmYTkxNGUwMA.png,297,null,1
SOMAT lavavajillas máquina gel oro con vinagre botella 33 lv, 6.69,,http://res.cloudinary.com/dc8yintyr/image/upload/bWFzdGVyfHJvb3R8MTMxMzF8aW1hZ2UvcG5nfGgzZi9oN2QvODgzNDIxMTY0MzQyMi5wbmd8ZWQ3ZjA5MmFmNWY5OWM0NDc0NGIxYWRmZGMxMTRlNjkwNWE1Nzk4MDY5YWZjMGMyN2ExMTU1N2U2NTFiN2Q1Nw.png,298,null,1
FINISH Quantum max lavavajillas powerball bolsa 18 + 9 uds, 7.49,,http://res.cloudinary.com/dc8yintyr/image/upload/bWFzdGVyfHJvb3R8MjM0OTN8aW1hZ2UvcG5nfGgyOC9oN2EvODgzNTMyMzA2ODQ0Ni5wbmd8OGI0OTlmYWJmNTVhMGNjMjNjYzU5MDRhN2ViYTRjODBjZDc4YWYzYTJkMWE4NzRjM2IwZmNiMDk5YTg4OWE3NA.png,299,null,1
ARIEL detergente máquina líquido concentrado con actilift botella 42 lv, 11.99,,http://res.cloudinary.com/dc8yintyr/image/upload/bWFzdGVyfHJvb3R8MTIxOTZ8aW1hZ2UvcG5nfGg4Ny9oYzgvODgzNDIwMDYzMzM3NC5wbmd8NGQzMmUxOTlmNDdhYjBhMDNiY2M5NjlkYzE5YTdlZDE0NTExOTI0Y2U2YmI4NWZiZGYwNzAxN2MwOWEwZmI3Yw.png,300,null,1
FAIRY lavavajillas maquina platinum caja 17 + 9 pastillas, 6.99,,http://res.cloudinary.com/dc8yintyr/image/upload/bWFzdGVyfHJvb3R8Mjc2MjF8aW1hZ2UvcG5nfGg0ZS9oNzMvODgyMDU2MjEzMzAyMi5wbmd8MjE4MzlmOTBlODg2MTEyZDk5MGZlNjQ0OWFmY2NiMDgyOWVmMjQ3N2M5M2ZiNWU3N2QzOTJiNTE3NTA4MDI4MA.png,301,null,1
FINISH pack limpiamaquinas + desodorante gratis 250 ml, 5.12,,http://res.cloudinary.com/dc8yintyr/image/upload/bWFzdGVyfHJvb3R8MjQ4MjF8aW1hZ2UvcG5nfGhiMi9oZmYvODgzNDU0MzY0ODc5OC5wbmd8ZTQ2ZjgyMzYwYWUwMGRjOTcwMDBkY2ZiNGYzMGU4OWI4Yzk4NWFkZDdmYTlhZTc2ZWI2NmQ5NTJmYjkxNTY3Yg.png,302,null,1
DON LIMPIO limpiador multiusos ambipur concentrado botella 520 ml, 2.65,,http://res.cloudinary.com/dc8yintyr/image/upload/bWFzdGVyfHJvb3R8MTQ1NDB8aW1hZ2UvcG5nfGhlMi9oODUvODgxOTAzMjA2NDAzMC5wbmd8MzcxY2RiNTk1OGVkNDJmYjI4NmU1ZGE3Njg3YjI3ZmNhYzA2YTkzNDQ1MWY4ZGVhNTQyODAzNTkyOGQ4N2YyZg.png,303,null,1
DON LIMPIO limpiador ph neutro botella 1.5 lt, 2.45,,http://res.cloudinary.com/dc8yintyr/image/upload/bWFzdGVyfHJvb3R8MTAxNTN8aW1hZ2UvcG5nfGg4Ni9oMTcvODgzMzUzNjQyNjAxNC5wbmd8NzBkNDhmYmQ4MDE5NmY5ZmI2MWNhMmRhOWE0NjVjOGYyMDlhZTMzNGJmY2I5ZDM0NzM3YjYzYjhhMGMwNjFiZg.png,304,null,1
DON LIMPIO limpiador multiusos limón concentrado botella 520 ml, 2.65,,http://res.cloudinary.com/dc8yintyr/image/upload/bWFzdGVyfHJvb3R8MTQxMTB8aW1hZ2UvcG5nfGhhMC9oYTgvODgxOTEwNzQ2MzE5OC5wbmd8ZmQ1YjIzMTU2NTgwZTBkMGMzZDgyY2E0NzU2OTQ3ZGMzODM1ZDBkNDFhMTczODAzNjkzNGQ5ODhiYmNjZDk5Yw.png,305,null,1
ARIEL detergente máquina líquido básico botella 35 + 2 lv, 6.99,,http://res.cloudinary.com/dc8yintyr/image/upload/bWFzdGVyfHJvb3R8MTQzNDB8aW1hZ2UvcG5nfGg5ZC9oMzQvODgyNTk0MDAxNzE4Mi5wbmd8ZGZiYzE5MGE4Y2NhNjY1YjUwM2IyMThhOTY4MjM0NjY1ZmYzNWU1ZGE3ZDdkODUwMTllMTVlNmRmYWViN2ZlMw.png,306,null,1
AMBIPUR ambientador eléctrico aparato + recambio aroma aire fresco 1 ud, 5.3,,http://res.cloudinary.com/dc8yintyr/image/upload/no-img.png,307,null,1
ARIEL detergente máquina 3 en 1 cápsulas 27 uds, 9.79,,http://res.cloudinary.com/dc8yintyr/image/upload/bWFzdGVyfHJvb3R8MjAzNzJ8aW1hZ2UvcG5nfGhjMS9oMGYvODgzMTA3Mjk2MDU0Mi5wbmd8MjRkYzhjMTVhNDAwOWQ2MGUxMWY3NjU5NWY0YTg3MTM0MzkyYWI5MDQwNGU2OTk1ZDEyMWJlYTgzMzE4ODI5MA.png,308,null,1
FAIRY lavavajillas máquina ultra power caja 22 + 9 pastillas, 6.89,,http://res.cloudinary.com/dc8yintyr/image/upload/bWFzdGVyfHJvb3R8MjY4Mzd8aW1hZ2UvcG5nfGgwMC9oYzMvODgyNTAwNDMyNjk0Mi5wbmd8NjVkNzg5NjljNmJmYTdlZDMwNzg5ZjU1OTU1NzQyODM3OGVmZjNmM2YyMTZhZDJjNTQ2OTg3NzQ3NDhhNjgyYQ.png,309,null,1
ARIEL detergente máquina polvo básico pack xxl 65 lv, 9.99,,http://res.cloudinary.com/dc8yintyr/image/upload/bWFzdGVyfHJvb3R8MTk3NzB8aW1hZ2UvcG5nfGgzNy9oNWYvODgyNTkzMTEwNDI4Ni5wbmd8NmY0NmVlYmI2MDAxZTFlYWEwNDIzMWY3NjM4OWNjN2YxMjA3MzRlZmNlZjUyOWZmNDVhOWJkNDM0YmEzN2VlZA.png,310,null,1
SKIP detergente líquido aloe vera botella 30 lv, 5.99,,http://res.cloudinary.com/dc8yintyr/image/upload/no-img.png,311,null,1
SKIP detergente líquido active clean 30 lv, 5.99,,http://res.cloudinary.com/dc8yintyr/image/upload/no-img.png,312,null,1
ARIEL detergente máquina polvo actilift maleta 50 cacitos, 13.95,,http://res.cloudinary.com/dc8yintyr/image/upload/bWFzdGVyfHJvb3R8MTgzODB8aW1hZ2UvcG5nfGgwMS9oNjEvODgyNTk0MTU5MDA0Ni5wbmd8MjM1MDdhMDBmMWEwZWExZWRjMzIyNGY3MDMyMmUwNTZkMjUxYWY0MDRkY2VjYjNhNjUzY2QxNDJjNTc3YzU5MQ.png,313,null,1
SKIP cápsulas active clean caja 28 tabletas, 7.99,,http://res.cloudinary.com/dc8yintyr/image/upload/bWFzdGVyfHJvb3R8MjI5NDd8aW1hZ2UvcG5nfGg0YS9oNGYvODgyNTM0MjA2NjcxOC5wbmd8ZTYxYTM2MTc5NDE2MDc1ZDQwYzJmMWQ2Njc3NDQ0MjEzODQxMDBjYjY5MWZmM2Y0NzM0OGVmNGRkZjgzNzhmZA.png,314,null,1
ARIEL Excel tabs detergente máquina en cápsulas 32 uds, 11.49,,http://res.cloudinary.com/dc8yintyr/image/upload/bWFzdGVyfHJvb3R8MTM4ODd8aW1hZ2UvcG5nfGhhNi9oZTAvODgyNTM0MDQ5Mzg1NC5wbmd8MmU5YjRhMzY5Nzg5YmZjMTM2YjNkMjYxMDE2NzY4MTNhYWNjOTYwZjM0NjEwYTlhYzU5NTc5ZGMyYmQwNjMyNg.png,315,null,1
FAIRY lavavajillas mano concentrado botella 780 ml, 2.99,,http://res.cloudinary.com/dc8yintyr/image/upload/no-img.png,316,null,1
SKIP Active clean detergente máquina polvo maleta 67 cacitos, 12.99,,http://res.cloudinary.com/dc8yintyr/image/upload/bWFzdGVyfHJvb3R8MjAzMDZ8aW1hZ2UvcG5nfGgzYy9oMTUvODgzMTA1MjUxMzMxMC5wbmd8YjE1ZjE0OWYyOTM1YWNjMzYxMTY4YWM2ZjllYjcyNmExOTQ2OGNlY2Y4ZTU2ZGJmZDRjN2U0NTA2ZmVjYTMzNA.png,317,null,1
SOMAT lavavajillas máquina gel oro antigrasa botella 50 lv, 9.29,,http://res.cloudinary.com/dc8yintyr/image/upload/bWFzdGVyfHJvb3R8MTIwNDR8aW1hZ2UvcG5nfGgwYi9oZTYvODgzMDk1NzMyMjI3MC5wbmd8NzQ4MTViN2U0MDIwMjQxMGUxZjU5ZGYxMzlkYjY0ZTA4OWU3YTk0NjMxZWJkNjQ3YWE0MmI1NWVkYTBjYTgzNA.png,318,null,1
SOMAT lavavajillas máquina multi 5 todo en 1 caja 52 pastillas, 9.29,,http://res.cloudinary.com/dc8yintyr/image/upload/bWFzdGVyfHJvb3R8MjA5OTZ8aW1hZ2UvcG5nfGhjNy9oMTcvODgzMDk0NDIxNTA3MC5wbmd8ZDg4ZDBmMjFkODM4NmExMTU4NjViMmIwMTdiODZhNjY5OGI4Njk2NjJjNDg0YTMyNWE3OWMwMWZiNDJiNTZmZA.png,319,null,1
SOMAT lavavajillas máquina gel fragancia limón 14 + 6 pastillas, 6.69,,http://res.cloudinary.com/dc8yintyr/image/upload/bWFzdGVyfHJvb3R8MjYzNDh8aW1hZ2UvcG5nfGgyMS9oMjAvODgyODE3ODg1ODAxNC5wbmd8MDNmZDVkN2Y1ZmMzNjczZGJiMGU4NTZlM2MxOTFkYzc4OTBjMWE5M2NiMmU4NWExOGQzZjc0MzUwMWE1MmFjNQ.png,320,null,1
FAIRY lavavajillas mano concentrado aloe vera botella 500 ml, 2.39,,http://res.cloudinary.com/dc8yintyr/image/upload/bWFzdGVyfHJvb3R8MTA3NzJ8aW1hZ2UvcG5nfGg2NS9oNWEvODgzNjA1NjM1MDc1MC5wbmd8MWNmNjIxOWZhNzdiNThlNTVhZmYxOWNiOGRkN2M2ZjVjM2I3Zjc4M2U3MzU3OTgwZGQ5NDY0NGYzYzMzYWE4MA.png,321,null,1
ARIEL Actilift alpes detergente máquina líquido botella 27 lv, 7.99,,http://res.cloudinary.com/dc8yintyr/image/upload/no-img.png,322,null,1
